Copyright 1986-2022 Xilinx, Inc. All Rights Reserved. Copyright 2022-2025 Advanced Micro Devices, Inc. All Rights Reserved.
------------------------------------------------------------------------------------------------------------------------------------------------------------------------------------------------------------------------------------------------
| Tool Version : Vivado v.2025.2 (lin64) Build 6299465 Fri Nov 14 12:34:56 MST 2025
| Date         : Tue Apr 14 17:38:57 2026
| Host         : j31415-s3pro running 64-bit Manjaro Linux
| Command      : report_timing_summary -max_paths 10 -routable_nets -report_unconstrained -file alchitry_top_timing_summary_routed.rpt -pb alchitry_top_timing_summary_routed.pb -rpx alchitry_top_timing_summary_routed.rpx -warn_on_violation
| Design       : alchitry_top
| Device       : 7a35t-ftg256
| Speed File   : -1  PRODUCTION 1.23 2018-06-13
| Design State : Routed
------------------------------------------------------------------------------------------------------------------------------------------------------------------------------------------------------------------------------------------------

Timing Summary Report

------------------------------------------------------------------------------------------------
| Timer Settings
| --------------
------------------------------------------------------------------------------------------------

  Enable Multi Corner Analysis               :  Yes
  Enable Pessimism Removal                   :  Yes
  Pessimism Removal Resolution               :  Nearest Common Node
  Enable Input Delay Default Clock           :  No
  Enable Preset / Clear Arcs                 :  No
  Disable Flight Delays                      :  No
  Ignore I/O Paths                           :  No
  Timing Early Launch at Borrowing Latches   :  No
  Borrow Time for Max Delay Exceptions       :  Yes
  Merge Timing Exceptions                    :  Yes
  Inter-SLR Compensation                     :  Conservative

  Corner  Analyze    Analyze    
  Name    Max Paths  Min Paths  
  ------  ---------  ---------  
  Slow    Yes        Yes        
  Fast    Yes        Yes        


------------------------------------------------------------------------------------------------
| Report Methodology
| ------------------
------------------------------------------------------------------------------------------------

Rule       Severity          Description                    Violations  
---------  ----------------  -----------------------------  ----------  
TIMING-17  Critical Warning  Non-clocked sequential cell    547         
SYNTH-10   Warning           Wide multiplier                3           
TIMING-18  Warning           Missing input or output delay  1           

Note: This report is based on the most recent report_methodology run and may not be up-to-date. Run report_methodology on the current design for the latest report.



check_timing report

Table of Contents
-----------------
1. checking no_clock (547)
2. checking constant_clock (0)
3. checking pulse_width_clock (0)
4. checking unconstrained_internal_endpoints (1535)
5. checking no_input_delay (12)
6. checking no_output_delay (24)
7. checking multiple_clock (0)
8. checking generated_clocks (0)
9. checking loops (0)
10. checking partial_input_delay (0)
11. checking partial_output_delay (0)
12. checking latch_loops (0)

1. checking no_clock (547)
--------------------------
 There are 547 register/latch pins with no clock driven by root clock pin: clk_10m_q_reg/Q (HIGH)


2. checking constant_clock (0)
------------------------------
 There are 0 register/latch pins with constant_clock.


3. checking pulse_width_clock (0)
---------------------------------
 There are 0 register/latch pins which need pulse_width check


4. checking unconstrained_internal_endpoints (1535)
---------------------------------------------------
 There are 1535 pins that are not constrained for maximum delay. (HIGH)

 There are 0 pins that are not constrained for maximum delay due to constant clock.


5. checking no_input_delay (12)
-------------------------------
 There are 12 input ports with no input delay specified. (HIGH)

 There are 0 input ports with no input delay but user has a false path constraint.


6. checking no_output_delay (24)
--------------------------------
 There are 24 ports with no output delay specified. (HIGH)

 There are 0 ports with no output delay but user has a false path constraint

 There are 0 ports with no output delay but with a timing clock defined on it or propagating through it


7. checking multiple_clock (0)
------------------------------
 There are 0 register/latch pins with multiple clocks.


8. checking generated_clocks (0)
--------------------------------
 There are 0 generated clocks that are not connected to a clock source.


9. checking loops (0)
---------------------
 There are 0 combinational loops in the design.


10. checking partial_input_delay (0)
------------------------------------
 There are 0 input ports with partial input delay specified.


11. checking partial_output_delay (0)
-------------------------------------
 There are 0 ports with partial output delay specified.


12. checking latch_loops (0)
----------------------------
 There are 0 combinational latch loops in the design through latch input



------------------------------------------------------------------------------------------------
| Design Timing Summary
| ---------------------
------------------------------------------------------------------------------------------------

    WNS(ns)      TNS(ns)  TNS Failing Endpoints  TNS Total Endpoints      WHS(ns)      THS(ns)  THS Failing Endpoints  THS Total Endpoints     WPWS(ns)     TPWS(ns)  TPWS Failing Endpoints  TPWS Total Endpoints  
    -------      -------  ---------------------  -------------------      -------      -------  ---------------------  -------------------     --------     --------  ----------------------  --------------------  
      8.582        0.000                      0                    4        0.280        0.000                      0                    4        4.500        0.000                       0                     5  


All user specified timing constraints are met.


------------------------------------------------------------------------------------------------
| Clock Summary
| -------------
------------------------------------------------------------------------------------------------

Clock    Waveform(ns)       Period(ns)      Frequency(MHz)
-----    ------------       ----------      --------------
clk_100  {0.000 5.000}      10.000          100.000         


------------------------------------------------------------------------------------------------
| Intra Clock Table
| -----------------
------------------------------------------------------------------------------------------------

Clock             WNS(ns)      TNS(ns)  TNS Failing Endpoints  TNS Total Endpoints      WHS(ns)      THS(ns)  THS Failing Endpoints  THS Total Endpoints     WPWS(ns)     TPWS(ns)  TPWS Failing Endpoints  TPWS Total Endpoints  
-----             -------      -------  ---------------------  -------------------      -------      -------  ---------------------  -------------------     --------     --------  ----------------------  --------------------  
clk_100             8.582        0.000                      0                    4        0.280        0.000                      0                    4        4.500        0.000                       0                     5  


------------------------------------------------------------------------------------------------
| Inter Clock Table
| -----------------
------------------------------------------------------------------------------------------------

From Clock    To Clock          WNS(ns)      TNS(ns)  TNS Failing Endpoints  TNS Total Endpoints      WHS(ns)      THS(ns)  THS Failing Endpoints  THS Total Endpoints  
----------    --------          -------      -------  ---------------------  -------------------      -------      -------  ---------------------  -------------------  


------------------------------------------------------------------------------------------------
| Other Path Groups Table
| -----------------------
------------------------------------------------------------------------------------------------

Path Group    From Clock    To Clock          WNS(ns)      TNS(ns)  TNS Failing Endpoints  TNS Total Endpoints      WHS(ns)      THS(ns)  THS Failing Endpoints  THS Total Endpoints  
----------    ----------    --------          -------      -------  ---------------------  -------------------      -------      -------  ---------------------  -------------------  


------------------------------------------------------------------------------------------------
| User Ignored Path Table
| -----------------------
------------------------------------------------------------------------------------------------

Path Group    From Clock    To Clock    
----------    ----------    --------    


------------------------------------------------------------------------------------------------
| Unconstrained Path Table
| ------------------------
------------------------------------------------------------------------------------------------

Path Group    From Clock    To Clock    
----------    ----------    --------    
(none)                                    
(none)                      clk_100       


------------------------------------------------------------------------------------------------
| Timing Details
| --------------
------------------------------------------------------------------------------------------------


---------------------------------------------------------------------------------------------------
From Clock:  clk_100
  To Clock:  clk_100

Setup :            0  Failing Endpoints,  Worst Slack        8.582ns,  Total Violation        0.000ns
Hold  :            0  Failing Endpoints,  Worst Slack        0.280ns,  Total Violation        0.000ns
PW    :            0  Failing Endpoints,  Worst Slack        4.500ns,  Total Violation        0.000ns
---------------------------------------------------------------------------------------------------


Max Delay Paths
--------------------------------------------------------------------------------------
Slack (MET) :             8.582ns  (required time - arrival time)
  Source:                 clk_div_q_reg[1]/C
                            (rising edge-triggered cell FDCE clocked by clk_100  {rise@0.000ns fall@5.000ns period=10.000ns})
  Destination:            clk_10m_q_reg/D
                            (rising edge-triggered cell FDCE clocked by clk_100  {rise@0.000ns fall@5.000ns period=10.000ns})
  Path Group:             clk_100
  Path Type:              Setup (Max at Slow Process Corner)
  Requirement:            10.000ns  (clk_100 rise@10.000ns - clk_100 rise@0.000ns)
  Data Path Delay:        1.412ns  (logic 0.715ns (50.643%)  route 0.697ns (49.357%))
  Logic Levels:           1  (LUT4=1)
  Clock Path Skew:        0.000ns (DCD - SCD + CPR)
    Destination Clock Delay (DCD):    4.848ns = ( 14.848 - 10.000 ) 
    Source Clock Delay      (SCD):    5.147ns
    Clock Pessimism Removal (CPR):    0.299ns
  Clock Uncertainty:      0.035ns  ((TSJ^2 + TIJ^2)^1/2 + DJ) / 2 + PE
    Total System Jitter     (TSJ):    0.071ns
    Total Input Jitter      (TIJ):    0.000ns
    Discrete Jitter          (DJ):    0.000ns
    Phase Error              (PE):    0.000ns

    Location             Delay type                Incr(ns)  Path(ns)    Netlist Resource(s)
  -------------------------------------------------------------------    -------------------
                         (clock clk_100 rise edge)    0.000     0.000 r  
    N14                                               0.000     0.000 r  clk (IN)
                         net (fo=0)                   0.000     0.000    clk
    N14                  IBUF (Prop_ibuf_I_O)         1.517     1.517 r  clk_IBUF_inst/O
                         net (fo=1, routed)           1.972     3.488    clk_IBUF
    BUFGCTRL_X0Y1        BUFG (Prop_bufg_I_O)         0.096     3.584 r  clk_IBUF_BUFG_inst/O
                         net (fo=4, routed)           1.563     5.147    clk_IBUF_BUFG
    SLICE_X32Y39         FDCE                                         r  clk_div_q_reg[1]/C
  -------------------------------------------------------------------    -------------------
    SLICE_X32Y39         FDCE (Prop_fdce_C_Q)         0.419     5.566 r  clk_div_q_reg[1]/Q
                         net (fo=4, routed)           0.697     6.263    clk_div_q[1]
    SLICE_X32Y39         LUT4 (Prop_lut4_I0_O)        0.296     6.559 r  clk_10m_q_i_1/O
                         net (fo=1, routed)           0.000     6.559    clk_10m_q_i_1_n_0
    SLICE_X32Y39         FDCE                                         r  clk_10m_q_reg/D
  -------------------------------------------------------------------    -------------------

                         (clock clk_100 rise edge)   10.000    10.000 r  
    N14                                               0.000    10.000 r  clk (IN)
                         net (fo=0)                   0.000    10.000    clk
    N14                  IBUF (Prop_ibuf_I_O)         1.446    11.446 r  clk_IBUF_inst/O
                         net (fo=1, routed)           1.868    13.314    clk_IBUF
    BUFGCTRL_X0Y1        BUFG (Prop_bufg_I_O)         0.091    13.405 r  clk_IBUF_BUFG_inst/O
                         net (fo=4, routed)           1.443    14.848    clk_IBUF_BUFG
    SLICE_X32Y39         FDCE                                         r  clk_10m_q_reg/C
                         clock pessimism              0.299    15.147    
                         clock uncertainty           -0.035    15.112    
    SLICE_X32Y39         FDCE (Setup_fdce_C_D)        0.029    15.141    clk_10m_q_reg
  -------------------------------------------------------------------
                         required time                         15.141    
                         arrival time                          -6.559    
  -------------------------------------------------------------------
                         slack                                  8.582    

Slack (MET) :             8.591ns  (required time - arrival time)
  Source:                 clk_div_q_reg[1]/C
                            (rising edge-triggered cell FDCE clocked by clk_100  {rise@0.000ns fall@5.000ns period=10.000ns})
  Destination:            clk_div_q_reg[0]/D
                            (rising edge-triggered cell FDCE clocked by clk_100  {rise@0.000ns fall@5.000ns period=10.000ns})
  Path Group:             clk_100
  Path Type:              Setup (Max at Slow Process Corner)
  Requirement:            10.000ns  (clk_100 rise@10.000ns - clk_100 rise@0.000ns)
  Data Path Delay:        1.405ns  (logic 0.715ns (50.903%)  route 0.690ns (49.097%))
  Logic Levels:           1  (LUT3=1)
  Clock Path Skew:        0.000ns (DCD - SCD + CPR)
    Destination Clock Delay (DCD):    4.848ns = ( 14.848 - 10.000 ) 
    Source Clock Delay      (SCD):    5.147ns
    Clock Pessimism Removal (CPR):    0.299ns
  Clock Uncertainty:      0.035ns  ((TSJ^2 + TIJ^2)^1/2 + DJ) / 2 + PE
    Total System Jitter     (TSJ):    0.071ns
    Total Input Jitter      (TIJ):    0.000ns
    Discrete Jitter          (DJ):    0.000ns
    Phase Error              (PE):    0.000ns

    Location             Delay type                Incr(ns)  Path(ns)    Netlist Resource(s)
  -------------------------------------------------------------------    -------------------
                         (clock clk_100 rise edge)    0.000     0.000 r  
    N14                                               0.000     0.000 r  clk (IN)
                         net (fo=0)                   0.000     0.000    clk
    N14                  IBUF (Prop_ibuf_I_O)         1.517     1.517 r  clk_IBUF_inst/O
                         net (fo=1, routed)           1.972     3.488    clk_IBUF
    BUFGCTRL_X0Y1        BUFG (Prop_bufg_I_O)         0.096     3.584 r  clk_IBUF_BUFG_inst/O
                         net (fo=4, routed)           1.563     5.147    clk_IBUF_BUFG
    SLICE_X32Y39         FDCE                                         r  clk_div_q_reg[1]/C
  -------------------------------------------------------------------    -------------------
    SLICE_X32Y39         FDCE (Prop_fdce_C_Q)         0.419     5.566 r  clk_div_q_reg[1]/Q
                         net (fo=4, routed)           0.690     6.256    clk_div_q[1]
    SLICE_X32Y39         LUT3 (Prop_lut3_I0_O)        0.296     6.552 r  clk_div_q[0]_i_1/O
                         net (fo=1, routed)           0.000     6.552    clk_div_q[0]_i_1_n_0
    SLICE_X32Y39         FDCE                                         r  clk_div_q_reg[0]/D
  -------------------------------------------------------------------    -------------------

                         (clock clk_100 rise edge)   10.000    10.000 r  
    N14                                               0.000    10.000 r  clk (IN)
                         net (fo=0)                   0.000    10.000    clk
    N14                  IBUF (Prop_ibuf_I_O)         1.446    11.446 r  clk_IBUF_inst/O
                         net (fo=1, routed)           1.868    13.314    clk_IBUF
    BUFGCTRL_X0Y1        BUFG (Prop_bufg_I_O)         0.091    13.405 r  clk_IBUF_BUFG_inst/O
                         net (fo=4, routed)           1.443    14.848    clk_IBUF_BUFG
    SLICE_X32Y39         FDCE                                         r  clk_div_q_reg[0]/C
                         clock pessimism              0.299    15.147    
                         clock uncertainty           -0.035    15.112    
    SLICE_X32Y39         FDCE (Setup_fdce_C_D)        0.031    15.143    clk_div_q_reg[0]
  -------------------------------------------------------------------
                         required time                         15.143    
                         arrival time                          -6.552    
  -------------------------------------------------------------------
                         slack                                  8.591    

Slack (MET) :             8.600ns  (required time - arrival time)
  Source:                 clk_div_q_reg[1]/C
                            (rising edge-triggered cell FDCE clocked by clk_100  {rise@0.000ns fall@5.000ns period=10.000ns})
  Destination:            clk_div_q_reg[2]/D
                            (rising edge-triggered cell FDCE clocked by clk_100  {rise@0.000ns fall@5.000ns period=10.000ns})
  Path Group:             clk_100
  Path Type:              Setup (Max at Slow Process Corner)
  Requirement:            10.000ns  (clk_100 rise@10.000ns - clk_100 rise@0.000ns)
  Data Path Delay:        1.440ns  (logic 0.743ns (51.602%)  route 0.697ns (48.398%))
  Logic Levels:           1  (LUT3=1)
  Clock Path Skew:        0.000ns (DCD - SCD + CPR)
    Destination Clock Delay (DCD):    4.848ns = ( 14.848 - 10.000 ) 
    Source Clock Delay      (SCD):    5.147ns
    Clock Pessimism Removal (CPR):    0.299ns
  Clock Uncertainty:      0.035ns  ((TSJ^2 + TIJ^2)^1/2 + DJ) / 2 + PE
    Total System Jitter     (TSJ):    0.071ns
    Total Input Jitter      (TIJ):    0.000ns
    Discrete Jitter          (DJ):    0.000ns
    Phase Error              (PE):    0.000ns

    Location             Delay type                Incr(ns)  Path(ns)    Netlist Resource(s)
  -------------------------------------------------------------------    -------------------
                         (clock clk_100 rise edge)    0.000     0.000 r  
    N14                                               0.000     0.000 r  clk (IN)
                         net (fo=0)                   0.000     0.000    clk
    N14                  IBUF (Prop_ibuf_I_O)         1.517     1.517 r  clk_IBUF_inst/O
                         net (fo=1, routed)           1.972     3.488    clk_IBUF
    BUFGCTRL_X0Y1        BUFG (Prop_bufg_I_O)         0.096     3.584 r  clk_IBUF_BUFG_inst/O
                         net (fo=4, routed)           1.563     5.147    clk_IBUF_BUFG
    SLICE_X32Y39         FDCE                                         r  clk_div_q_reg[1]/C
  -------------------------------------------------------------------    -------------------
    SLICE_X32Y39         FDCE (Prop_fdce_C_Q)         0.419     5.566 r  clk_div_q_reg[1]/Q
                         net (fo=4, routed)           0.697     6.263    clk_div_q[1]
    SLICE_X32Y39         LUT3 (Prop_lut3_I0_O)        0.324     6.587 r  clk_div_q[2]_i_1/O
                         net (fo=1, routed)           0.000     6.587    clk_div_q[2]_i_1_n_0
    SLICE_X32Y39         FDCE                                         r  clk_div_q_reg[2]/D
  -------------------------------------------------------------------    -------------------

                         (clock clk_100 rise edge)   10.000    10.000 r  
    N14                                               0.000    10.000 r  clk (IN)
                         net (fo=0)                   0.000    10.000    clk
    N14                  IBUF (Prop_ibuf_I_O)         1.446    11.446 r  clk_IBUF_inst/O
                         net (fo=1, routed)           1.868    13.314    clk_IBUF
    BUFGCTRL_X0Y1        BUFG (Prop_bufg_I_O)         0.091    13.405 r  clk_IBUF_BUFG_inst/O
                         net (fo=4, routed)           1.443    14.848    clk_IBUF_BUFG
    SLICE_X32Y39         FDCE                                         r  clk_div_q_reg[2]/C
                         clock pessimism              0.299    15.147    
                         clock uncertainty           -0.035    15.112    
    SLICE_X32Y39         FDCE (Setup_fdce_C_D)        0.075    15.187    clk_div_q_reg[2]
  -------------------------------------------------------------------
                         required time                         15.187    
                         arrival time                          -6.587    
  -------------------------------------------------------------------
                         slack                                  8.600    

Slack (MET) :             8.607ns  (required time - arrival time)
  Source:                 clk_div_q_reg[1]/C
                            (rising edge-triggered cell FDCE clocked by clk_100  {rise@0.000ns fall@5.000ns period=10.000ns})
  Destination:            clk_div_q_reg[1]/D
                            (rising edge-triggered cell FDCE clocked by clk_100  {rise@0.000ns fall@5.000ns period=10.000ns})
  Path Group:             clk_100
  Path Type:              Setup (Max at Slow Process Corner)
  Requirement:            10.000ns  (clk_100 rise@10.000ns - clk_100 rise@0.000ns)
  Data Path Delay:        1.433ns  (logic 0.743ns (51.863%)  route 0.690ns (48.137%))
  Logic Levels:           1  (LUT2=1)
  Clock Path Skew:        0.000ns (DCD - SCD + CPR)
    Destination Clock Delay (DCD):    4.848ns = ( 14.848 - 10.000 ) 
    Source Clock Delay      (SCD):    5.147ns
    Clock Pessimism Removal (CPR):    0.299ns
  Clock Uncertainty:      0.035ns  ((TSJ^2 + TIJ^2)^1/2 + DJ) / 2 + PE
    Total System Jitter     (TSJ):    0.071ns
    Total Input Jitter      (TIJ):    0.000ns
    Discrete Jitter          (DJ):    0.000ns
    Phase Error              (PE):    0.000ns

    Location             Delay type                Incr(ns)  Path(ns)    Netlist Resource(s)
  -------------------------------------------------------------------    -------------------
                         (clock clk_100 rise edge)    0.000     0.000 r  
    N14                                               0.000     0.000 r  clk (IN)
                         net (fo=0)                   0.000     0.000    clk
    N14                  IBUF (Prop_ibuf_I_O)         1.517     1.517 r  clk_IBUF_inst/O
                         net (fo=1, routed)           1.972     3.488    clk_IBUF
    BUFGCTRL_X0Y1        BUFG (Prop_bufg_I_O)         0.096     3.584 r  clk_IBUF_BUFG_inst/O
                         net (fo=4, routed)           1.563     5.147    clk_IBUF_BUFG
    SLICE_X32Y39         FDCE                                         r  clk_div_q_reg[1]/C
  -------------------------------------------------------------------    -------------------
    SLICE_X32Y39         FDCE (Prop_fdce_C_Q)         0.419     5.566 r  clk_div_q_reg[1]/Q
                         net (fo=4, routed)           0.690     6.256    clk_div_q[1]
    SLICE_X32Y39         LUT2 (Prop_lut2_I0_O)        0.324     6.580 r  clk_div_q[1]_i_1/O
                         net (fo=1, routed)           0.000     6.580    clk_div_q[1]_i_1_n_0
    SLICE_X32Y39         FDCE                                         r  clk_div_q_reg[1]/D
  -------------------------------------------------------------------    -------------------

                         (clock clk_100 rise edge)   10.000    10.000 r  
    N14                                               0.000    10.000 r  clk (IN)
                         net (fo=0)                   0.000    10.000    clk
    N14                  IBUF (Prop_ibuf_I_O)         1.446    11.446 r  clk_IBUF_inst/O
                         net (fo=1, routed)           1.868    13.314    clk_IBUF
    BUFGCTRL_X0Y1        BUFG (Prop_bufg_I_O)         0.091    13.405 r  clk_IBUF_BUFG_inst/O
                         net (fo=4, routed)           1.443    14.848    clk_IBUF_BUFG
    SLICE_X32Y39         FDCE                                         r  clk_div_q_reg[1]/C
                         clock pessimism              0.299    15.147    
                         clock uncertainty           -0.035    15.112    
    SLICE_X32Y39         FDCE (Setup_fdce_C_D)        0.075    15.187    clk_div_q_reg[1]
  -------------------------------------------------------------------
                         required time                         15.187    
                         arrival time                          -6.580    
  -------------------------------------------------------------------
                         slack                                  8.607    





Min Delay Paths
--------------------------------------------------------------------------------------
Slack (MET) :             0.280ns  (arrival time - required time)
  Source:                 clk_10m_q_reg/C
                            (rising edge-triggered cell FDCE clocked by clk_100  {rise@0.000ns fall@5.000ns period=10.000ns})
  Destination:            clk_10m_q_reg/D
                            (rising edge-triggered cell FDCE clocked by clk_100  {rise@0.000ns fall@5.000ns period=10.000ns})
  Path Group:             clk_100
  Path Type:              Hold (Min at Fast Process Corner)
  Requirement:            0.000ns  (clk_100 rise@0.000ns - clk_100 rise@0.000ns)
  Data Path Delay:        0.371ns  (logic 0.186ns (50.162%)  route 0.185ns (49.838%))
  Logic Levels:           1  (LUT4=1)
  Clock Path Skew:        0.000ns (DCD - SCD - CPR)
    Destination Clock Delay (DCD):    2.020ns
    Source Clock Delay      (SCD):    1.505ns
    Clock Pessimism Removal (CPR):    0.515ns

    Location             Delay type                Incr(ns)  Path(ns)    Netlist Resource(s)
  -------------------------------------------------------------------    -------------------
                         (clock clk_100 rise edge)    0.000     0.000 r  
    N14                                               0.000     0.000 r  clk (IN)
                         net (fo=0)                   0.000     0.000    clk
    N14                  IBUF (Prop_ibuf_I_O)         0.284     0.284 r  clk_IBUF_inst/O
                         net (fo=1, routed)           0.634     0.918    clk_IBUF
    BUFGCTRL_X0Y1        BUFG (Prop_bufg_I_O)         0.026     0.944 r  clk_IBUF_BUFG_inst/O
                         net (fo=4, routed)           0.561     1.505    clk_IBUF_BUFG
    SLICE_X32Y39         FDCE                                         r  clk_10m_q_reg/C
  -------------------------------------------------------------------    -------------------
    SLICE_X32Y39         FDCE (Prop_fdce_C_Q)         0.141     1.646 r  clk_10m_q_reg/Q
                         net (fo=2, routed)           0.185     1.830    clk_10m_q
    SLICE_X32Y39         LUT4 (Prop_lut4_I3_O)        0.045     1.875 r  clk_10m_q_i_1/O
                         net (fo=1, routed)           0.000     1.875    clk_10m_q_i_1_n_0
    SLICE_X32Y39         FDCE                                         r  clk_10m_q_reg/D
  -------------------------------------------------------------------    -------------------

                         (clock clk_100 rise edge)    0.000     0.000 r  
    N14                                               0.000     0.000 r  clk (IN)
                         net (fo=0)                   0.000     0.000    clk
    N14                  IBUF (Prop_ibuf_I_O)         0.472     0.472 r  clk_IBUF_inst/O
                         net (fo=1, routed)           0.689     1.161    clk_IBUF
    BUFGCTRL_X0Y1        BUFG (Prop_bufg_I_O)         0.029     1.190 r  clk_IBUF_BUFG_inst/O
                         net (fo=4, routed)           0.830     2.020    clk_IBUF_BUFG
    SLICE_X32Y39         FDCE                                         r  clk_10m_q_reg/C
                         clock pessimism             -0.515     1.505    
    SLICE_X32Y39         FDCE (Hold_fdce_C_D)         0.091     1.596    clk_10m_q_reg
  -------------------------------------------------------------------
                         required time                         -1.596    
                         arrival time                           1.875    
  -------------------------------------------------------------------
                         slack                                  0.280    

Slack (MET) :             0.295ns  (arrival time - required time)
  Source:                 clk_div_q_reg[2]/C
                            (rising edge-triggered cell FDCE clocked by clk_100  {rise@0.000ns fall@5.000ns period=10.000ns})
  Destination:            clk_div_q_reg[2]/D
                            (rising edge-triggered cell FDCE clocked by clk_100  {rise@0.000ns fall@5.000ns period=10.000ns})
  Path Group:             clk_100
  Path Type:              Hold (Min at Fast Process Corner)
  Requirement:            0.000ns  (clk_100 rise@0.000ns - clk_100 rise@0.000ns)
  Data Path Delay:        0.402ns  (logic 0.230ns (57.233%)  route 0.172ns (42.767%))
  Logic Levels:           1  (LUT3=1)
  Clock Path Skew:        0.000ns (DCD - SCD - CPR)
    Destination Clock Delay (DCD):    2.020ns
    Source Clock Delay      (SCD):    1.505ns
    Clock Pessimism Removal (CPR):    0.515ns

    Location             Delay type                Incr(ns)  Path(ns)    Netlist Resource(s)
  -------------------------------------------------------------------    -------------------
                         (clock clk_100 rise edge)    0.000     0.000 r  
    N14                                               0.000     0.000 r  clk (IN)
                         net (fo=0)                   0.000     0.000    clk
    N14                  IBUF (Prop_ibuf_I_O)         0.284     0.284 r  clk_IBUF_inst/O
                         net (fo=1, routed)           0.634     0.918    clk_IBUF
    BUFGCTRL_X0Y1        BUFG (Prop_bufg_I_O)         0.026     0.944 r  clk_IBUF_BUFG_inst/O
                         net (fo=4, routed)           0.561     1.505    clk_IBUF_BUFG
    SLICE_X32Y39         FDCE                                         r  clk_div_q_reg[2]/C
  -------------------------------------------------------------------    -------------------
    SLICE_X32Y39         FDCE (Prop_fdce_C_Q)         0.128     1.633 r  clk_div_q_reg[2]/Q
                         net (fo=3, routed)           0.172     1.805    clk_div_q[2]
    SLICE_X32Y39         LUT3 (Prop_lut3_I1_O)        0.102     1.907 r  clk_div_q[2]_i_1/O
                         net (fo=1, routed)           0.000     1.907    clk_div_q[2]_i_1_n_0
    SLICE_X32Y39         FDCE                                         r  clk_div_q_reg[2]/D
  -------------------------------------------------------------------    -------------------

                         (clock clk_100 rise edge)    0.000     0.000 r  
    N14                                               0.000     0.000 r  clk (IN)
                         net (fo=0)                   0.000     0.000    clk
    N14                  IBUF (Prop_ibuf_I_O)         0.472     0.472 r  clk_IBUF_inst/O
                         net (fo=1, routed)           0.689     1.161    clk_IBUF
    BUFGCTRL_X0Y1        BUFG (Prop_bufg_I_O)         0.029     1.190 r  clk_IBUF_BUFG_inst/O
                         net (fo=4, routed)           0.830     2.020    clk_IBUF_BUFG
    SLICE_X32Y39         FDCE                                         r  clk_div_q_reg[2]/C
                         clock pessimism             -0.515     1.505    
    SLICE_X32Y39         FDCE (Hold_fdce_C_D)         0.107     1.612    clk_div_q_reg[2]
  -------------------------------------------------------------------
                         required time                         -1.612    
                         arrival time                           1.907    
  -------------------------------------------------------------------
                         slack                                  0.295    

Slack (MET) :             0.308ns  (arrival time - required time)
  Source:                 clk_div_q_reg[2]/C
                            (rising edge-triggered cell FDCE clocked by clk_100  {rise@0.000ns fall@5.000ns period=10.000ns})
  Destination:            clk_div_q_reg[0]/D
                            (rising edge-triggered cell FDCE clocked by clk_100  {rise@0.000ns fall@5.000ns period=10.000ns})
  Path Group:             clk_100
  Path Type:              Hold (Min at Fast Process Corner)
  Requirement:            0.000ns  (clk_100 rise@0.000ns - clk_100 rise@0.000ns)
  Data Path Delay:        0.400ns  (logic 0.227ns (56.769%)  route 0.173ns (43.231%))
  Logic Levels:           1  (LUT3=1)
  Clock Path Skew:        0.000ns (DCD - SCD - CPR)
    Destination Clock Delay (DCD):    2.020ns
    Source Clock Delay      (SCD):    1.505ns
    Clock Pessimism Removal (CPR):    0.515ns

    Location             Delay type                Incr(ns)  Path(ns)    Netlist Resource(s)
  -------------------------------------------------------------------    -------------------
                         (clock clk_100 rise edge)    0.000     0.000 r  
    N14                                               0.000     0.000 r  clk (IN)
                         net (fo=0)                   0.000     0.000    clk
    N14                  IBUF (Prop_ibuf_I_O)         0.284     0.284 r  clk_IBUF_inst/O
                         net (fo=1, routed)           0.634     0.918    clk_IBUF
    BUFGCTRL_X0Y1        BUFG (Prop_bufg_I_O)         0.026     0.944 r  clk_IBUF_BUFG_inst/O
                         net (fo=4, routed)           0.561     1.505    clk_IBUF_BUFG
    SLICE_X32Y39         FDCE                                         r  clk_div_q_reg[2]/C
  -------------------------------------------------------------------    -------------------
    SLICE_X32Y39         FDCE (Prop_fdce_C_Q)         0.128     1.633 f  clk_div_q_reg[2]/Q
                         net (fo=3, routed)           0.173     1.806    clk_div_q[2]
    SLICE_X32Y39         LUT3 (Prop_lut3_I1_O)        0.099     1.905 r  clk_div_q[0]_i_1/O
                         net (fo=1, routed)           0.000     1.905    clk_div_q[0]_i_1_n_0
    SLICE_X32Y39         FDCE                                         r  clk_div_q_reg[0]/D
  -------------------------------------------------------------------    -------------------

                         (clock clk_100 rise edge)    0.000     0.000 r  
    N14                                               0.000     0.000 r  clk (IN)
                         net (fo=0)                   0.000     0.000    clk
    N14                  IBUF (Prop_ibuf_I_O)         0.472     0.472 r  clk_IBUF_inst/O
                         net (fo=1, routed)           0.689     1.161    clk_IBUF
    BUFGCTRL_X0Y1        BUFG (Prop_bufg_I_O)         0.029     1.190 r  clk_IBUF_BUFG_inst/O
                         net (fo=4, routed)           0.830     2.020    clk_IBUF_BUFG
    SLICE_X32Y39         FDCE                                         r  clk_div_q_reg[0]/C
                         clock pessimism             -0.515     1.505    
    SLICE_X32Y39         FDCE (Hold_fdce_C_D)         0.092     1.597    clk_div_q_reg[0]
  -------------------------------------------------------------------
                         required time                         -1.597    
                         arrival time                           1.905    
  -------------------------------------------------------------------
                         slack                                  0.308    

Slack (MET) :             0.313ns  (arrival time - required time)
  Source:                 clk_div_q_reg[0]/C
                            (rising edge-triggered cell FDCE clocked by clk_100  {rise@0.000ns fall@5.000ns period=10.000ns})
  Destination:            clk_div_q_reg[1]/D
                            (rising edge-triggered cell FDCE clocked by clk_100  {rise@0.000ns fall@5.000ns period=10.000ns})
  Path Group:             clk_100
  Path Type:              Hold (Min at Fast Process Corner)
  Requirement:            0.000ns  (clk_100 rise@0.000ns - clk_100 rise@0.000ns)
  Data Path Delay:        0.420ns  (logic 0.184ns (43.838%)  route 0.236ns (56.162%))
  Logic Levels:           1  (LUT2=1)
  Clock Path Skew:        0.000ns (DCD - SCD - CPR)
    Destination Clock Delay (DCD):    2.020ns
    Source Clock Delay      (SCD):    1.505ns
    Clock Pessimism Removal (CPR):    0.515ns

    Location             Delay type                Incr(ns)  Path(ns)    Netlist Resource(s)
  -------------------------------------------------------------------    -------------------
                         (clock clk_100 rise edge)    0.000     0.000 r  
    N14                                               0.000     0.000 r  clk (IN)
                         net (fo=0)                   0.000     0.000    clk
    N14                  IBUF (Prop_ibuf_I_O)         0.284     0.284 r  clk_IBUF_inst/O
                         net (fo=1, routed)           0.634     0.918    clk_IBUF
    BUFGCTRL_X0Y1        BUFG (Prop_bufg_I_O)         0.026     0.944 r  clk_IBUF_BUFG_inst/O
                         net (fo=4, routed)           0.561     1.505    clk_IBUF_BUFG
    SLICE_X32Y39         FDCE                                         r  clk_div_q_reg[0]/C
  -------------------------------------------------------------------    -------------------
    SLICE_X32Y39         FDCE (Prop_fdce_C_Q)         0.141     1.646 r  clk_div_q_reg[0]/Q
                         net (fo=4, routed)           0.236     1.881    clk_div_q[0]
    SLICE_X32Y39         LUT2 (Prop_lut2_I1_O)        0.043     1.924 r  clk_div_q[1]_i_1/O
                         net (fo=1, routed)           0.000     1.924    clk_div_q[1]_i_1_n_0
    SLICE_X32Y39         FDCE                                         r  clk_div_q_reg[1]/D
  -------------------------------------------------------------------    -------------------

                         (clock clk_100 rise edge)    0.000     0.000 r  
    N14                                               0.000     0.000 r  clk (IN)
                         net (fo=0)                   0.000     0.000    clk
    N14                  IBUF (Prop_ibuf_I_O)         0.472     0.472 r  clk_IBUF_inst/O
                         net (fo=1, routed)           0.689     1.161    clk_IBUF
    BUFGCTRL_X0Y1        BUFG (Prop_bufg_I_O)         0.029     1.190 r  clk_IBUF_BUFG_inst/O
                         net (fo=4, routed)           0.830     2.020    clk_IBUF_BUFG
    SLICE_X32Y39         FDCE                                         r  clk_div_q_reg[1]/C
                         clock pessimism             -0.515     1.505    
    SLICE_X32Y39         FDCE (Hold_fdce_C_D)         0.107     1.612    clk_div_q_reg[1]
  -------------------------------------------------------------------
                         required time                         -1.612    
                         arrival time                           1.924    
  -------------------------------------------------------------------
                         slack                                  0.313    





Pulse Width Checks
--------------------------------------------------------------------------------------
Clock Name:         clk_100
Waveform(ns):       { 0.000 5.000 }
Period(ns):         10.000
Sources:            { clk }

Check Type        Corner  Lib Pin  Reference Pin  Required(ns)  Actual(ns)  Slack(ns)  Location       Pin
Min Period        n/a     BUFG/I   n/a            2.155         10.000      7.845      BUFGCTRL_X0Y1  clk_IBUF_BUFG_inst/I
Min Period        n/a     FDCE/C   n/a            1.000         10.000      9.000      SLICE_X32Y39   clk_10m_q_reg/C
Min Period        n/a     FDCE/C   n/a            1.000         10.000      9.000      SLICE_X32Y39   clk_div_q_reg[0]/C
Min Period        n/a     FDCE/C   n/a            1.000         10.000      9.000      SLICE_X32Y39   clk_div_q_reg[1]/C
Min Period        n/a     FDCE/C   n/a            1.000         10.000      9.000      SLICE_X32Y39   clk_div_q_reg[2]/C
Low Pulse Width   Slow    FDCE/C   n/a            0.500         5.000       4.500      SLICE_X32Y39   clk_10m_q_reg/C
Low Pulse Width   Fast    FDCE/C   n/a            0.500         5.000       4.500      SLICE_X32Y39   clk_10m_q_reg/C
Low Pulse Width   Slow    FDCE/C   n/a            0.500         5.000       4.500      SLICE_X32Y39   clk_div_q_reg[0]/C
Low Pulse Width   Fast    FDCE/C   n/a            0.500         5.000       4.500      SLICE_X32Y39   clk_div_q_reg[0]/C
Low Pulse Width   Slow    FDCE/C   n/a            0.500         5.000       4.500      SLICE_X32Y39   clk_div_q_reg[1]/C
Low Pulse Width   Fast    FDCE/C   n/a            0.500         5.000       4.500      SLICE_X32Y39   clk_div_q_reg[1]/C
Low Pulse Width   Slow    FDCE/C   n/a            0.500         5.000       4.500      SLICE_X32Y39   clk_div_q_reg[2]/C
Low Pulse Width   Fast    FDCE/C   n/a            0.500         5.000       4.500      SLICE_X32Y39   clk_div_q_reg[2]/C
High Pulse Width  Slow    FDCE/C   n/a            0.500         5.000       4.500      SLICE_X32Y39   clk_10m_q_reg/C
High Pulse Width  Fast    FDCE/C   n/a            0.500         5.000       4.500      SLICE_X32Y39   clk_10m_q_reg/C
High Pulse Width  Slow    FDCE/C   n/a            0.500         5.000       4.500      SLICE_X32Y39   clk_div_q_reg[0]/C
High Pulse Width  Fast    FDCE/C   n/a            0.500         5.000       4.500      SLICE_X32Y39   clk_div_q_reg[0]/C
High Pulse Width  Slow    FDCE/C   n/a            0.500         5.000       4.500      SLICE_X32Y39   clk_div_q_reg[1]/C
High Pulse Width  Fast    FDCE/C   n/a            0.500         5.000       4.500      SLICE_X32Y39   clk_div_q_reg[1]/C
High Pulse Width  Slow    FDCE/C   n/a            0.500         5.000       4.500      SLICE_X32Y39   clk_div_q_reg[2]/C
High Pulse Width  Fast    FDCE/C   n/a            0.500         5.000       4.500      SLICE_X32Y39   clk_div_q_reg[2]/C



--------------------------------------------------------------------------------------
Path Group:  (none)
From Clock:  
  To Clock:  

Max Delay          1563 Endpoints
Min Delay          1563 Endpoints
--------------------------------------------------------------------------------------


Max Delay Paths
--------------------------------------------------------------------------------------
Slack:                    inf
  Source:                 board_display/pixel_index_q_reg[2]/C
                            (rising edge-triggered cell FDRE)
  Destination:            board_display/shift_color_q_reg[14]/D
  Path Group:             (none)
  Path Type:              Max at Slow Process Corner
  Data Path Delay:        37.646ns  (logic 11.077ns (29.424%)  route 26.569ns (70.576%))
  Logic Levels:           42  (CARRY4=22 FDRE=1 LUT2=1 LUT3=1 LUT4=3 LUT5=7 LUT6=7)

    Location             Delay type                Incr(ns)  Path(ns)    Netlist Resource(s)
  -------------------------------------------------------------------    -------------------
    SLICE_X56Y41         FDRE                         0.000     0.000 r  board_display/pixel_index_q_reg[2]/C
    SLICE_X56Y41         FDRE (Prop_fdre_C_Q)         0.518     0.518 f  board_display/pixel_index_q_reg[2]/Q
                         net (fo=23, routed)          1.488     2.006    board_display/pixel_index_q[2]
    SLICE_X55Y41         LUT4 (Prop_lut4_I1_O)        0.124     2.130 r  board_display/pixel_index_q[7]_i_3/O
                         net (fo=12, routed)          0.851     2.981    board_display/pixel_index_q[7]_i_3_n_0
    SLICE_X54Y42         LUT5 (Prop_lut5_I2_O)        0.124     3.105 r  board_display/shift_color_q[5]_i_66/O
                         net (fo=1, routed)           0.000     3.105    board_display/shift_color_q[5]_i_66_n_0
    SLICE_X54Y42         CARRY4 (Prop_carry4_S[0]_CO[1])
                                                      0.458     3.563 r  board_display/shift_color_q_reg[5]_i_37/CO[1]
                         net (fo=562, routed)         3.454     7.017    board_display/shift_color_q_reg[5]_i_37_n_2
    SLICE_X43Y33         CARRY4 (Prop_carry4_S[1]_CO[3])
                                                      0.882     7.899 r  board_display/shift_color_q_reg[5]_i_346/CO[3]
                         net (fo=1, routed)           0.000     7.899    board_display/shift_color_q_reg[5]_i_346_n_0
    SLICE_X43Y34         CARRY4 (Prop_carry4_CI_CO[3])
                                                      0.114     8.013 r  board_display/shift_color_q_reg[5]_i_345/CO[3]
                         net (fo=1, routed)           0.000     8.013    board_display/shift_color_q_reg[5]_i_345_n_0
    SLICE_X43Y35         CARRY4 (Prop_carry4_CI_CO[3])
                                                      0.114     8.127 r  board_display/shift_color_q_reg[5]_i_299/CO[3]
                         net (fo=1, routed)           0.000     8.127    board_display/shift_color_q_reg[5]_i_299_n_0
    SLICE_X43Y36         CARRY4 (Prop_carry4_CI_CO[3])
                                                      0.114     8.241 r  board_display/shift_color_q_reg[5]_i_156/CO[3]
                         net (fo=1, routed)           0.000     8.241    board_display/shift_color_q_reg[5]_i_156_n_0
    SLICE_X43Y37         CARRY4 (Prop_carry4_CI_CO[3])
                                                      0.114     8.355 r  board_display/shift_color_q_reg[5]_i_93/CO[3]
                         net (fo=1, routed)           0.000     8.355    board_display/shift_color_q_reg[5]_i_93_n_0
    SLICE_X43Y38         CARRY4 (Prop_carry4_CI_O[0])
                                                      0.222     8.577 r  board_display/shift_color_q_reg[5]_i_50/O[0]
                         net (fo=31, routed)          3.672    12.250    board_display/shift_color_q_reg[5]_i_50_n_7
    SLICE_X41Y46         LUT4 (Prop_lut4_I2_O)        0.327    12.577 r  board_display/shift_color_q[5]_i_360/O
                         net (fo=10, routed)          1.639    14.216    board_display/shift_color_q[5]_i_360_n_0
    SLICE_X41Y40         LUT5 (Prop_lut5_I0_O)        0.332    14.548 r  board_display/shift_color_q[5]_i_364/O
                         net (fo=1, routed)           0.000    14.548    board_display/shift_color_q[5]_i_364_n_0
    SLICE_X41Y40         CARRY4 (Prop_carry4_S[3]_CO[3])
                                                      0.401    14.949 r  board_display/shift_color_q_reg[5]_i_218/CO[3]
                         net (fo=1, routed)           0.000    14.949    board_display/shift_color_q_reg[5]_i_218_n_0
    SLICE_X41Y41         CARRY4 (Prop_carry4_CI_CO[3])
                                                      0.114    15.063 r  board_display/shift_color_q_reg[5]_i_217/CO[3]
                         net (fo=1, routed)           0.000    15.063    board_display/shift_color_q_reg[5]_i_217_n_0
    SLICE_X41Y42         CARRY4 (Prop_carry4_CI_O[0])
                                                      0.222    15.285 r  board_display/shift_color_q_reg[5]_i_349/O[0]
                         net (fo=2, routed)           0.973    16.258    board_display/shift_color_q_reg[5]_i_349_n_7
    SLICE_X42Y40         LUT5 (Prop_lut5_I1_O)        0.325    16.583 r  board_display/shift_color_q[5]_i_281/O
                         net (fo=2, routed)           0.791    17.374    board_display/shift_color_q[5]_i_281_n_0
    SLICE_X39Y41         LUT6 (Prop_lut6_I0_O)        0.328    17.702 r  board_display/shift_color_q[5]_i_285/O
                         net (fo=1, routed)           0.000    17.702    board_display/shift_color_q[5]_i_285_n_0
    SLICE_X39Y41         CARRY4 (Prop_carry4_S[0]_CO[3])
                                                      0.532    18.234 r  board_display/shift_color_q_reg[5]_i_142/CO[3]
                         net (fo=1, routed)           0.000    18.234    board_display/shift_color_q_reg[5]_i_142_n_0
    SLICE_X39Y42         CARRY4 (Prop_carry4_CI_O[1])
                                                      0.334    18.568 r  board_display/shift_color_q_reg[5]_i_496/O[1]
                         net (fo=3, routed)           0.430    18.998    board_display/shift_color_q_reg[5]_i_496_n_6
    SLICE_X41Y43         LUT3 (Prop_lut3_I1_O)        0.303    19.301 r  board_display/shift_color_q[5]_i_494/O
                         net (fo=2, routed)           1.176    20.478    board_display/shift_color_q[5]_i_494_n_0
    SLICE_X34Y42         LUT5 (Prop_lut5_I1_O)        0.153    20.631 r  board_display/shift_color_q[5]_i_376/O
                         net (fo=2, routed)           1.144    21.775    board_display/shift_color_q[5]_i_376_n_0
    SLICE_X38Y42         LUT6 (Prop_lut6_I0_O)        0.331    22.106 r  board_display/shift_color_q[5]_i_380/O
                         net (fo=1, routed)           0.000    22.106    board_display/shift_color_q[5]_i_380_n_0
    SLICE_X38Y42         CARRY4 (Prop_carry4_S[3]_CO[3])
                                                      0.376    22.482 r  board_display/shift_color_q_reg[5]_i_257/CO[3]
                         net (fo=1, routed)           0.000    22.482    board_display/shift_color_q_reg[5]_i_257_n_0
    SLICE_X38Y43         CARRY4 (Prop_carry4_CI_CO[3])
                                                      0.117    22.599 r  board_display/shift_color_q_reg[5]_i_544/CO[3]
                         net (fo=1, routed)           0.000    22.599    board_display/shift_color_q_reg[5]_i_544_n_0
    SLICE_X38Y44         CARRY4 (Prop_carry4_CI_CO[3])
                                                      0.117    22.716 r  board_display/shift_color_q_reg[5]_i_405/CO[3]
                         net (fo=1, routed)           0.000    22.716    board_display/shift_color_q_reg[5]_i_405_n_0
    SLICE_X38Y45         CARRY4 (Prop_carry4_CI_CO[3])
                                                      0.117    22.833 r  board_display/shift_color_q_reg[5]_i_301/CO[3]
                         net (fo=1, routed)           0.000    22.833    board_display/shift_color_q_reg[5]_i_301_n_0
    SLICE_X38Y46         CARRY4 (Prop_carry4_CI_CO[3])
                                                      0.117    22.950 r  board_display/shift_color_q_reg[5]_i_158/CO[3]
                         net (fo=1, routed)           0.000    22.950    board_display/shift_color_q_reg[5]_i_158_n_0
    SLICE_X38Y47         CARRY4 (Prop_carry4_CI_O[1])
                                                      0.323    23.273 r  board_display/shift_color_q_reg[5]_i_95/O[1]
                         net (fo=5, routed)           1.282    24.555    board_display/shift_color_q_reg[5]_i_95_n_6
    SLICE_X44Y45         LUT2 (Prop_lut2_I1_O)        0.306    24.861 r  board_display/shift_color_q[5]_i_160/O
                         net (fo=1, routed)           0.000    24.861    board_display/shift_color_q[5]_i_160_n_0
    SLICE_X44Y45         CARRY4 (Prop_carry4_S[2]_CO[3])
                                                      0.398    25.259 r  board_display/shift_color_q_reg[5]_i_94/CO[3]
                         net (fo=1, routed)           0.000    25.259    board_display/shift_color_q_reg[5]_i_94_n_0
    SLICE_X44Y46         CARRY4 (Prop_carry4_CI_O[0])
                                                      0.222    25.481 r  board_display/shift_color_q_reg[5]_i_51/O[0]
                         net (fo=3, routed)           0.871    26.352    board_display/shift_color_q_reg[5]_i_51_n_7
    SLICE_X45Y46         LUT4 (Prop_lut4_I0_O)        0.299    26.651 r  board_display/shift_color_q[5]_i_91/O
                         net (fo=1, routed)           0.000    26.651    board_display/shift_color_q[5]_i_91_n_0
    SLICE_X45Y46         CARRY4 (Prop_carry4_S[1]_CO[3])
                                                      0.550    27.201 r  board_display/shift_color_q_reg[5]_i_49/CO[3]
                         net (fo=34, routed)          1.970    29.171    board_display/shift_color_q_reg[5]_i_49_n_0
    SLICE_X49Y41         LUT6 (Prop_lut6_I4_O)        0.124    29.295 r  board_display/shift_color_q[5]_i_67/O
                         net (fo=1, routed)           0.705    30.000    board_display/shift_color_q[5]_i_67_n_0
    SLICE_X43Y41         CARRY4 (Prop_carry4_CYINIT_O[0])
                                                      0.482    30.482 r  board_display/shift_color_q_reg[5]_i_41/O[0]
                         net (fo=3, routed)           1.103    31.585    board_display/shift_color_q_reg[5]_i_41_n_7
    SLICE_X49Y43         LUT5 (Prop_lut5_I4_O)        0.299    31.884 r  board_display/shift_color_q[5]_i_42/O
                         net (fo=4, routed)           1.060    32.944    board_display/shift_color_q[5]_i_42_n_0
    SLICE_X46Y43         LUT6 (Prop_lut6_I5_O)        0.124    33.068 r  board_display/shift_color_q[5]_i_16/O
                         net (fo=2, routed)           0.562    33.629    board_display/shift_color_q[5]_i_16_n_0
    SLICE_X50Y43         LUT5 (Prop_lut5_I3_O)        0.124    33.753 r  board_display/shift_color_q[5]_i_14/O
                         net (fo=1, routed)           0.670    34.423    board_display/shift_color_q[5]_i_14_n_0
    SLICE_X50Y43         LUT6 (Prop_lut6_I0_O)        0.124    34.547 r  board_display/shift_color_q[5]_i_7/O
                         net (fo=2, routed)           1.021    35.569    board_display/shift_color_q[5]_i_7_n_0
    SLICE_X53Y39         LUT5 (Prop_lut5_I1_O)        0.124    35.693 f  board_display/shift_color_q[22]_i_12/O
                         net (fo=2, routed)           1.112    36.805    board_display/shift_color_q[22]_i_12_n_0
    SLICE_X56Y41         LUT6 (Prop_lut6_I5_O)        0.124    36.929 r  board_display/shift_color_q[14]_i_2/O
                         net (fo=1, routed)           0.593    37.522    board_display/shift_color_q[14]_i_2_n_0
    SLICE_X56Y39         LUT6 (Prop_lut6_I3_O)        0.124    37.646 r  board_display/shift_color_q[14]_i_1/O
                         net (fo=1, routed)           0.000    37.646    board_display/shift_color_d0_in[14]
    SLICE_X56Y39         FDRE                                         r  board_display/shift_color_q_reg[14]/D
  -------------------------------------------------------------------    -------------------

Slack:                    inf
  Source:                 board_display/pixel_index_q_reg[2]/C
                            (rising edge-triggered cell FDRE)
  Destination:            board_display/shift_color_q_reg[22]/D
  Path Group:             (none)
  Path Type:              Max at Slow Process Corner
  Data Path Delay:        37.302ns  (logic 11.077ns (29.695%)  route 26.225ns (70.305%))
  Logic Levels:           42  (CARRY4=22 FDRE=1 LUT2=1 LUT3=1 LUT4=3 LUT5=7 LUT6=7)

    Location             Delay type                Incr(ns)  Path(ns)    Netlist Resource(s)
  -------------------------------------------------------------------    -------------------
    SLICE_X56Y41         FDRE                         0.000     0.000 r  board_display/pixel_index_q_reg[2]/C
    SLICE_X56Y41         FDRE (Prop_fdre_C_Q)         0.518     0.518 f  board_display/pixel_index_q_reg[2]/Q
                         net (fo=23, routed)          1.488     2.006    board_display/pixel_index_q[2]
    SLICE_X55Y41         LUT4 (Prop_lut4_I1_O)        0.124     2.130 r  board_display/pixel_index_q[7]_i_3/O
                         net (fo=12, routed)          0.851     2.981    board_display/pixel_index_q[7]_i_3_n_0
    SLICE_X54Y42         LUT5 (Prop_lut5_I2_O)        0.124     3.105 r  board_display/shift_color_q[5]_i_66/O
                         net (fo=1, routed)           0.000     3.105    board_display/shift_color_q[5]_i_66_n_0
    SLICE_X54Y42         CARRY4 (Prop_carry4_S[0]_CO[1])
                                                      0.458     3.563 r  board_display/shift_color_q_reg[5]_i_37/CO[1]
                         net (fo=562, routed)         3.454     7.017    board_display/shift_color_q_reg[5]_i_37_n_2
    SLICE_X43Y33         CARRY4 (Prop_carry4_S[1]_CO[3])
                                                      0.882     7.899 r  board_display/shift_color_q_reg[5]_i_346/CO[3]
                         net (fo=1, routed)           0.000     7.899    board_display/shift_color_q_reg[5]_i_346_n_0
    SLICE_X43Y34         CARRY4 (Prop_carry4_CI_CO[3])
                                                      0.114     8.013 r  board_display/shift_color_q_reg[5]_i_345/CO[3]
                         net (fo=1, routed)           0.000     8.013    board_display/shift_color_q_reg[5]_i_345_n_0
    SLICE_X43Y35         CARRY4 (Prop_carry4_CI_CO[3])
                                                      0.114     8.127 r  board_display/shift_color_q_reg[5]_i_299/CO[3]
                         net (fo=1, routed)           0.000     8.127    board_display/shift_color_q_reg[5]_i_299_n_0
    SLICE_X43Y36         CARRY4 (Prop_carry4_CI_CO[3])
                                                      0.114     8.241 r  board_display/shift_color_q_reg[5]_i_156/CO[3]
                         net (fo=1, routed)           0.000     8.241    board_display/shift_color_q_reg[5]_i_156_n_0
    SLICE_X43Y37         CARRY4 (Prop_carry4_CI_CO[3])
                                                      0.114     8.355 r  board_display/shift_color_q_reg[5]_i_93/CO[3]
                         net (fo=1, routed)           0.000     8.355    board_display/shift_color_q_reg[5]_i_93_n_0
    SLICE_X43Y38         CARRY4 (Prop_carry4_CI_O[0])
                                                      0.222     8.577 r  board_display/shift_color_q_reg[5]_i_50/O[0]
                         net (fo=31, routed)          3.672    12.250    board_display/shift_color_q_reg[5]_i_50_n_7
    SLICE_X41Y46         LUT4 (Prop_lut4_I2_O)        0.327    12.577 r  board_display/shift_color_q[5]_i_360/O
                         net (fo=10, routed)          1.639    14.216    board_display/shift_color_q[5]_i_360_n_0
    SLICE_X41Y40         LUT5 (Prop_lut5_I0_O)        0.332    14.548 r  board_display/shift_color_q[5]_i_364/O
                         net (fo=1, routed)           0.000    14.548    board_display/shift_color_q[5]_i_364_n_0
    SLICE_X41Y40         CARRY4 (Prop_carry4_S[3]_CO[3])
                                                      0.401    14.949 r  board_display/shift_color_q_reg[5]_i_218/CO[3]
                         net (fo=1, routed)           0.000    14.949    board_display/shift_color_q_reg[5]_i_218_n_0
    SLICE_X41Y41         CARRY4 (Prop_carry4_CI_CO[3])
                                                      0.114    15.063 r  board_display/shift_color_q_reg[5]_i_217/CO[3]
                         net (fo=1, routed)           0.000    15.063    board_display/shift_color_q_reg[5]_i_217_n_0
    SLICE_X41Y42         CARRY4 (Prop_carry4_CI_O[0])
                                                      0.222    15.285 r  board_display/shift_color_q_reg[5]_i_349/O[0]
                         net (fo=2, routed)           0.973    16.258    board_display/shift_color_q_reg[5]_i_349_n_7
    SLICE_X42Y40         LUT5 (Prop_lut5_I1_O)        0.325    16.583 r  board_display/shift_color_q[5]_i_281/O
                         net (fo=2, routed)           0.791    17.374    board_display/shift_color_q[5]_i_281_n_0
    SLICE_X39Y41         LUT6 (Prop_lut6_I0_O)        0.328    17.702 r  board_display/shift_color_q[5]_i_285/O
                         net (fo=1, routed)           0.000    17.702    board_display/shift_color_q[5]_i_285_n_0
    SLICE_X39Y41         CARRY4 (Prop_carry4_S[0]_CO[3])
                                                      0.532    18.234 r  board_display/shift_color_q_reg[5]_i_142/CO[3]
                         net (fo=1, routed)           0.000    18.234    board_display/shift_color_q_reg[5]_i_142_n_0
    SLICE_X39Y42         CARRY4 (Prop_carry4_CI_O[1])
                                                      0.334    18.568 r  board_display/shift_color_q_reg[5]_i_496/O[1]
                         net (fo=3, routed)           0.430    18.998    board_display/shift_color_q_reg[5]_i_496_n_6
    SLICE_X41Y43         LUT3 (Prop_lut3_I1_O)        0.303    19.301 r  board_display/shift_color_q[5]_i_494/O
                         net (fo=2, routed)           1.176    20.478    board_display/shift_color_q[5]_i_494_n_0
    SLICE_X34Y42         LUT5 (Prop_lut5_I1_O)        0.153    20.631 r  board_display/shift_color_q[5]_i_376/O
                         net (fo=2, routed)           1.144    21.775    board_display/shift_color_q[5]_i_376_n_0
    SLICE_X38Y42         LUT6 (Prop_lut6_I0_O)        0.331    22.106 r  board_display/shift_color_q[5]_i_380/O
                         net (fo=1, routed)           0.000    22.106    board_display/shift_color_q[5]_i_380_n_0
    SLICE_X38Y42         CARRY4 (Prop_carry4_S[3]_CO[3])
                                                      0.376    22.482 r  board_display/shift_color_q_reg[5]_i_257/CO[3]
                         net (fo=1, routed)           0.000    22.482    board_display/shift_color_q_reg[5]_i_257_n_0
    SLICE_X38Y43         CARRY4 (Prop_carry4_CI_CO[3])
                                                      0.117    22.599 r  board_display/shift_color_q_reg[5]_i_544/CO[3]
                         net (fo=1, routed)           0.000    22.599    board_display/shift_color_q_reg[5]_i_544_n_0
    SLICE_X38Y44         CARRY4 (Prop_carry4_CI_CO[3])
                                                      0.117    22.716 r  board_display/shift_color_q_reg[5]_i_405/CO[3]
                         net (fo=1, routed)           0.000    22.716    board_display/shift_color_q_reg[5]_i_405_n_0
    SLICE_X38Y45         CARRY4 (Prop_carry4_CI_CO[3])
                                                      0.117    22.833 r  board_display/shift_color_q_reg[5]_i_301/CO[3]
                         net (fo=1, routed)           0.000    22.833    board_display/shift_color_q_reg[5]_i_301_n_0
    SLICE_X38Y46         CARRY4 (Prop_carry4_CI_CO[3])
                                                      0.117    22.950 r  board_display/shift_color_q_reg[5]_i_158/CO[3]
                         net (fo=1, routed)           0.000    22.950    board_display/shift_color_q_reg[5]_i_158_n_0
    SLICE_X38Y47         CARRY4 (Prop_carry4_CI_O[1])
                                                      0.323    23.273 r  board_display/shift_color_q_reg[5]_i_95/O[1]
                         net (fo=5, routed)           1.282    24.555    board_display/shift_color_q_reg[5]_i_95_n_6
    SLICE_X44Y45         LUT2 (Prop_lut2_I1_O)        0.306    24.861 r  board_display/shift_color_q[5]_i_160/O
                         net (fo=1, routed)           0.000    24.861    board_display/shift_color_q[5]_i_160_n_0
    SLICE_X44Y45         CARRY4 (Prop_carry4_S[2]_CO[3])
                                                      0.398    25.259 r  board_display/shift_color_q_reg[5]_i_94/CO[3]
                         net (fo=1, routed)           0.000    25.259    board_display/shift_color_q_reg[5]_i_94_n_0
    SLICE_X44Y46         CARRY4 (Prop_carry4_CI_O[0])
                                                      0.222    25.481 r  board_display/shift_color_q_reg[5]_i_51/O[0]
                         net (fo=3, routed)           0.871    26.352    board_display/shift_color_q_reg[5]_i_51_n_7
    SLICE_X45Y46         LUT4 (Prop_lut4_I0_O)        0.299    26.651 r  board_display/shift_color_q[5]_i_91/O
                         net (fo=1, routed)           0.000    26.651    board_display/shift_color_q[5]_i_91_n_0
    SLICE_X45Y46         CARRY4 (Prop_carry4_S[1]_CO[3])
                                                      0.550    27.201 r  board_display/shift_color_q_reg[5]_i_49/CO[3]
                         net (fo=34, routed)          1.970    29.171    board_display/shift_color_q_reg[5]_i_49_n_0
    SLICE_X49Y41         LUT6 (Prop_lut6_I4_O)        0.124    29.295 r  board_display/shift_color_q[5]_i_67/O
                         net (fo=1, routed)           0.705    30.000    board_display/shift_color_q[5]_i_67_n_0
    SLICE_X43Y41         CARRY4 (Prop_carry4_CYINIT_O[0])
                                                      0.482    30.482 r  board_display/shift_color_q_reg[5]_i_41/O[0]
                         net (fo=3, routed)           1.103    31.585    board_display/shift_color_q_reg[5]_i_41_n_7
    SLICE_X49Y43         LUT5 (Prop_lut5_I4_O)        0.299    31.884 r  board_display/shift_color_q[5]_i_42/O
                         net (fo=4, routed)           1.060    32.944    board_display/shift_color_q[5]_i_42_n_0
    SLICE_X46Y43         LUT6 (Prop_lut6_I5_O)        0.124    33.068 r  board_display/shift_color_q[5]_i_16/O
                         net (fo=2, routed)           0.562    33.629    board_display/shift_color_q[5]_i_16_n_0
    SLICE_X50Y43         LUT5 (Prop_lut5_I3_O)        0.124    33.753 r  board_display/shift_color_q[5]_i_14/O
                         net (fo=1, routed)           0.670    34.423    board_display/shift_color_q[5]_i_14_n_0
    SLICE_X50Y43         LUT6 (Prop_lut6_I0_O)        0.124    34.547 r  board_display/shift_color_q[5]_i_7/O
                         net (fo=2, routed)           1.103    35.651    board_display/shift_color_q[5]_i_7_n_0
    SLICE_X53Y37         LUT5 (Prop_lut5_I1_O)        0.124    35.775 r  board_display/shift_color_q[5]_i_2/O
                         net (fo=3, routed)           0.961    36.735    board_display/shift_color_q[5]_i_2_n_0
    SLICE_X55Y39         LUT6 (Prop_lut6_I0_O)        0.124    36.859 r  board_display/shift_color_q[22]_i_6/O
                         net (fo=1, routed)           0.319    37.178    board_display/shift_color_q[22]_i_6_n_0
    SLICE_X56Y39         LUT6 (Prop_lut6_I5_O)        0.124    37.302 r  board_display/shift_color_q[22]_i_1/O
                         net (fo=1, routed)           0.000    37.302    board_display/shift_color_d0_in[22]
    SLICE_X56Y39         FDRE                                         r  board_display/shift_color_q_reg[22]/D
  -------------------------------------------------------------------    -------------------

Slack:                    inf
  Source:                 board_display/pixel_index_q_reg[2]/C
                            (rising edge-triggered cell FDRE)
  Destination:            board_display/shift_color_q_reg[5]/D
  Path Group:             (none)
  Path Type:              Max at Slow Process Corner
  Data Path Delay:        36.887ns  (logic 10.953ns (29.693%)  route 25.934ns (70.307%))
  Logic Levels:           41  (CARRY4=22 FDRE=1 LUT2=1 LUT3=1 LUT4=3 LUT5=7 LUT6=6)

    Location             Delay type                Incr(ns)  Path(ns)    Netlist Resource(s)
  -------------------------------------------------------------------    -------------------
    SLICE_X56Y41         FDRE                         0.000     0.000 r  board_display/pixel_index_q_reg[2]/C
    SLICE_X56Y41         FDRE (Prop_fdre_C_Q)         0.518     0.518 f  board_display/pixel_index_q_reg[2]/Q
                         net (fo=23, routed)          1.488     2.006    board_display/pixel_index_q[2]
    SLICE_X55Y41         LUT4 (Prop_lut4_I1_O)        0.124     2.130 r  board_display/pixel_index_q[7]_i_3/O
                         net (fo=12, routed)          0.851     2.981    board_display/pixel_index_q[7]_i_3_n_0
    SLICE_X54Y42         LUT5 (Prop_lut5_I2_O)        0.124     3.105 r  board_display/shift_color_q[5]_i_66/O
                         net (fo=1, routed)           0.000     3.105    board_display/shift_color_q[5]_i_66_n_0
    SLICE_X54Y42         CARRY4 (Prop_carry4_S[0]_CO[1])
                                                      0.458     3.563 r  board_display/shift_color_q_reg[5]_i_37/CO[1]
                         net (fo=562, routed)         3.454     7.017    board_display/shift_color_q_reg[5]_i_37_n_2
    SLICE_X43Y33         CARRY4 (Prop_carry4_S[1]_CO[3])
                                                      0.882     7.899 r  board_display/shift_color_q_reg[5]_i_346/CO[3]
                         net (fo=1, routed)           0.000     7.899    board_display/shift_color_q_reg[5]_i_346_n_0
    SLICE_X43Y34         CARRY4 (Prop_carry4_CI_CO[3])
                                                      0.114     8.013 r  board_display/shift_color_q_reg[5]_i_345/CO[3]
                         net (fo=1, routed)           0.000     8.013    board_display/shift_color_q_reg[5]_i_345_n_0
    SLICE_X43Y35         CARRY4 (Prop_carry4_CI_CO[3])
                                                      0.114     8.127 r  board_display/shift_color_q_reg[5]_i_299/CO[3]
                         net (fo=1, routed)           0.000     8.127    board_display/shift_color_q_reg[5]_i_299_n_0
    SLICE_X43Y36         CARRY4 (Prop_carry4_CI_CO[3])
                                                      0.114     8.241 r  board_display/shift_color_q_reg[5]_i_156/CO[3]
                         net (fo=1, routed)           0.000     8.241    board_display/shift_color_q_reg[5]_i_156_n_0
    SLICE_X43Y37         CARRY4 (Prop_carry4_CI_CO[3])
                                                      0.114     8.355 r  board_display/shift_color_q_reg[5]_i_93/CO[3]
                         net (fo=1, routed)           0.000     8.355    board_display/shift_color_q_reg[5]_i_93_n_0
    SLICE_X43Y38         CARRY4 (Prop_carry4_CI_O[0])
                                                      0.222     8.577 r  board_display/shift_color_q_reg[5]_i_50/O[0]
                         net (fo=31, routed)          3.672    12.250    board_display/shift_color_q_reg[5]_i_50_n_7
    SLICE_X41Y46         LUT4 (Prop_lut4_I2_O)        0.327    12.577 r  board_display/shift_color_q[5]_i_360/O
                         net (fo=10, routed)          1.639    14.216    board_display/shift_color_q[5]_i_360_n_0
    SLICE_X41Y40         LUT5 (Prop_lut5_I0_O)        0.332    14.548 r  board_display/shift_color_q[5]_i_364/O
                         net (fo=1, routed)           0.000    14.548    board_display/shift_color_q[5]_i_364_n_0
    SLICE_X41Y40         CARRY4 (Prop_carry4_S[3]_CO[3])
                                                      0.401    14.949 r  board_display/shift_color_q_reg[5]_i_218/CO[3]
                         net (fo=1, routed)           0.000    14.949    board_display/shift_color_q_reg[5]_i_218_n_0
    SLICE_X41Y41         CARRY4 (Prop_carry4_CI_CO[3])
                                                      0.114    15.063 r  board_display/shift_color_q_reg[5]_i_217/CO[3]
                         net (fo=1, routed)           0.000    15.063    board_display/shift_color_q_reg[5]_i_217_n_0
    SLICE_X41Y42         CARRY4 (Prop_carry4_CI_O[0])
                                                      0.222    15.285 r  board_display/shift_color_q_reg[5]_i_349/O[0]
                         net (fo=2, routed)           0.973    16.258    board_display/shift_color_q_reg[5]_i_349_n_7
    SLICE_X42Y40         LUT5 (Prop_lut5_I1_O)        0.325    16.583 r  board_display/shift_color_q[5]_i_281/O
                         net (fo=2, routed)           0.791    17.374    board_display/shift_color_q[5]_i_281_n_0
    SLICE_X39Y41         LUT6 (Prop_lut6_I0_O)        0.328    17.702 r  board_display/shift_color_q[5]_i_285/O
                         net (fo=1, routed)           0.000    17.702    board_display/shift_color_q[5]_i_285_n_0
    SLICE_X39Y41         CARRY4 (Prop_carry4_S[0]_CO[3])
                                                      0.532    18.234 r  board_display/shift_color_q_reg[5]_i_142/CO[3]
                         net (fo=1, routed)           0.000    18.234    board_display/shift_color_q_reg[5]_i_142_n_0
    SLICE_X39Y42         CARRY4 (Prop_carry4_CI_O[1])
                                                      0.334    18.568 r  board_display/shift_color_q_reg[5]_i_496/O[1]
                         net (fo=3, routed)           0.430    18.998    board_display/shift_color_q_reg[5]_i_496_n_6
    SLICE_X41Y43         LUT3 (Prop_lut3_I1_O)        0.303    19.301 r  board_display/shift_color_q[5]_i_494/O
                         net (fo=2, routed)           1.176    20.478    board_display/shift_color_q[5]_i_494_n_0
    SLICE_X34Y42         LUT5 (Prop_lut5_I1_O)        0.153    20.631 r  board_display/shift_color_q[5]_i_376/O
                         net (fo=2, routed)           1.144    21.775    board_display/shift_color_q[5]_i_376_n_0
    SLICE_X38Y42         LUT6 (Prop_lut6_I0_O)        0.331    22.106 r  board_display/shift_color_q[5]_i_380/O
                         net (fo=1, routed)           0.000    22.106    board_display/shift_color_q[5]_i_380_n_0
    SLICE_X38Y42         CARRY4 (Prop_carry4_S[3]_CO[3])
                                                      0.376    22.482 r  board_display/shift_color_q_reg[5]_i_257/CO[3]
                         net (fo=1, routed)           0.000    22.482    board_display/shift_color_q_reg[5]_i_257_n_0
    SLICE_X38Y43         CARRY4 (Prop_carry4_CI_CO[3])
                                                      0.117    22.599 r  board_display/shift_color_q_reg[5]_i_544/CO[3]
                         net (fo=1, routed)           0.000    22.599    board_display/shift_color_q_reg[5]_i_544_n_0
    SLICE_X38Y44         CARRY4 (Prop_carry4_CI_CO[3])
                                                      0.117    22.716 r  board_display/shift_color_q_reg[5]_i_405/CO[3]
                         net (fo=1, routed)           0.000    22.716    board_display/shift_color_q_reg[5]_i_405_n_0
    SLICE_X38Y45         CARRY4 (Prop_carry4_CI_CO[3])
                                                      0.117    22.833 r  board_display/shift_color_q_reg[5]_i_301/CO[3]
                         net (fo=1, routed)           0.000    22.833    board_display/shift_color_q_reg[5]_i_301_n_0
    SLICE_X38Y46         CARRY4 (Prop_carry4_CI_CO[3])
                                                      0.117    22.950 r  board_display/shift_color_q_reg[5]_i_158/CO[3]
                         net (fo=1, routed)           0.000    22.950    board_display/shift_color_q_reg[5]_i_158_n_0
    SLICE_X38Y47         CARRY4 (Prop_carry4_CI_O[1])
                                                      0.323    23.273 r  board_display/shift_color_q_reg[5]_i_95/O[1]
                         net (fo=5, routed)           1.282    24.555    board_display/shift_color_q_reg[5]_i_95_n_6
    SLICE_X44Y45         LUT2 (Prop_lut2_I1_O)        0.306    24.861 r  board_display/shift_color_q[5]_i_160/O
                         net (fo=1, routed)           0.000    24.861    board_display/shift_color_q[5]_i_160_n_0
    SLICE_X44Y45         CARRY4 (Prop_carry4_S[2]_CO[3])
                                                      0.398    25.259 r  board_display/shift_color_q_reg[5]_i_94/CO[3]
                         net (fo=1, routed)           0.000    25.259    board_display/shift_color_q_reg[5]_i_94_n_0
    SLICE_X44Y46         CARRY4 (Prop_carry4_CI_O[0])
                                                      0.222    25.481 r  board_display/shift_color_q_reg[5]_i_51/O[0]
                         net (fo=3, routed)           0.871    26.352    board_display/shift_color_q_reg[5]_i_51_n_7
    SLICE_X45Y46         LUT4 (Prop_lut4_I0_O)        0.299    26.651 r  board_display/shift_color_q[5]_i_91/O
                         net (fo=1, routed)           0.000    26.651    board_display/shift_color_q[5]_i_91_n_0
    SLICE_X45Y46         CARRY4 (Prop_carry4_S[1]_CO[3])
                                                      0.550    27.201 r  board_display/shift_color_q_reg[5]_i_49/CO[3]
                         net (fo=34, routed)          1.970    29.171    board_display/shift_color_q_reg[5]_i_49_n_0
    SLICE_X49Y41         LUT6 (Prop_lut6_I4_O)        0.124    29.295 r  board_display/shift_color_q[5]_i_67/O
                         net (fo=1, routed)           0.705    30.000    board_display/shift_color_q[5]_i_67_n_0
    SLICE_X43Y41         CARRY4 (Prop_carry4_CYINIT_O[0])
                                                      0.482    30.482 r  board_display/shift_color_q_reg[5]_i_41/O[0]
                         net (fo=3, routed)           1.103    31.585    board_display/shift_color_q_reg[5]_i_41_n_7
    SLICE_X49Y43         LUT5 (Prop_lut5_I4_O)        0.299    31.884 r  board_display/shift_color_q[5]_i_42/O
                         net (fo=4, routed)           1.060    32.944    board_display/shift_color_q[5]_i_42_n_0
    SLICE_X46Y43         LUT6 (Prop_lut6_I5_O)        0.124    33.068 r  board_display/shift_color_q[5]_i_16/O
                         net (fo=2, routed)           0.562    33.629    board_display/shift_color_q[5]_i_16_n_0
    SLICE_X50Y43         LUT5 (Prop_lut5_I3_O)        0.124    33.753 r  board_display/shift_color_q[5]_i_14/O
                         net (fo=1, routed)           0.670    34.423    board_display/shift_color_q[5]_i_14_n_0
    SLICE_X50Y43         LUT6 (Prop_lut6_I0_O)        0.124    34.547 r  board_display/shift_color_q[5]_i_7/O
                         net (fo=2, routed)           1.103    35.651    board_display/shift_color_q[5]_i_7_n_0
    SLICE_X53Y37         LUT5 (Prop_lut5_I1_O)        0.124    35.775 f  board_display/shift_color_q[5]_i_2/O
                         net (fo=3, routed)           0.989    36.763    board_display/shift_color_q[5]_i_2_n_0
    SLICE_X54Y39         LUT6 (Prop_lut6_I0_O)        0.124    36.887 r  board_display/shift_color_q[5]_i_1/O
                         net (fo=1, routed)           0.000    36.887    board_display/shift_color_d0_in[5]
    SLICE_X54Y39         FDRE                                         r  board_display/shift_color_q_reg[5]/D
  -------------------------------------------------------------------    -------------------

Slack:                    inf
  Source:                 game/fsm/FSM_onehot_D_state_q_reg[16]/C
                            (rising edge-triggered cell FDRE)
  Destination:            game/regfile/D_registers_q_reg[4][0]/D
  Path Group:             (none)
  Path Type:              Max at Slow Process Corner
  Data Path Delay:        22.961ns  (logic 3.228ns (14.058%)  route 19.733ns (85.942%))
  Logic Levels:           21  (FDRE=1 LUT3=1 LUT4=1 LUT6=18)

    Location             Delay type                Incr(ns)  Path(ns)    Netlist Resource(s)
  -------------------------------------------------------------------    -------------------
    SLICE_X38Y28         FDRE                         0.000     0.000 r  game/fsm/FSM_onehot_D_state_q_reg[16]/C
    SLICE_X38Y28         FDRE (Prop_fdre_C_Q)         0.518     0.518 f  game/fsm/FSM_onehot_D_state_q_reg[16]/Q
                         net (fo=9, routed)           1.502     2.020    game/fsm/FSM_onehot_D_state_q_reg_n_0_[16]
    SLICE_X39Y28         LUT4 (Prop_lut4_I0_O)        0.124     2.144 f  game/fsm/g0_b0_i_9/O
                         net (fo=1, routed)           0.818     2.961    game/fsm/g0_b0_i_9_n_0
    SLICE_X40Y28         LUT6 (Prop_lut6_I1_O)        0.124     3.085 r  game/fsm/g0_b0_i_5/O
                         net (fo=37, routed)          1.796     4.882    game/fsm/g0_b0_i_5_n_0
    SLICE_X38Y27         LUT6 (Prop_lut6_I5_O)        0.124     5.006 r  game/fsm/mul0_i_95/O
                         net (fo=30, routed)          2.783     7.789    game/regfile/mul0__1_i_18_0
    SLICE_X41Y24         LUT3 (Prop_lut3_I1_O)        0.152     7.941 r  game/regfile/mul0_i_91/O
                         net (fo=3, routed)           0.652     8.593    game/fsm/mul0__0_0
    SLICE_X42Y25         LUT6 (Prop_lut6_I1_O)        0.326     8.919 r  game/fsm/D_registers_q[5][13]_i_14/O
                         net (fo=1, routed)           0.829     9.748    game/fsm/D_registers_q[5][13]_i_14_n_0
    SLICE_X42Y24         LUT6 (Prop_lut6_I5_O)        0.124     9.872 f  game/fsm/D_registers_q[5][13]_i_10/O
                         net (fo=1, routed)           0.670    10.542    game/regfile/D_registers_q[5][16]_i_10
    SLICE_X42Y24         LUT6 (Prop_lut6_I1_O)        0.124    10.666 r  game/regfile/D_registers_q[5][13]_i_8/O
                         net (fo=2, routed)           1.030    11.696    game/fsm/D_registers_q[5][16]_i_8_0
    SLICE_X44Y23         LUT6 (Prop_lut6_I5_O)        0.124    11.820 f  game/fsm/D_registers_q[5][16]_i_10/O
                         net (fo=1, routed)           0.575    12.395    game/fsm/D_registers_q[5][16]_i_10_n_0
    SLICE_X44Y24         LUT6 (Prop_lut6_I1_O)        0.124    12.519 r  game/fsm/D_registers_q[5][16]_i_8/O
                         net (fo=2, routed)           0.810    13.329    game/fsm/D_registers_q[5][16]_i_8_n_0
    SLICE_X46Y24         LUT6 (Prop_lut6_I5_O)        0.124    13.453 f  game/fsm/D_registers_q[5][21]_i_9/O
                         net (fo=1, routed)           0.437    13.890    game/fsm/D_registers_q[5][21]_i_9_n_0
    SLICE_X47Y23         LUT6 (Prop_lut6_I1_O)        0.124    14.014 r  game/fsm/D_registers_q[5][21]_i_7/O
                         net (fo=2, routed)           1.205    15.219    game/fsm/D_registers_q[5][21]_i_7_n_0
    SLICE_X49Y19         LUT6 (Prop_lut6_I0_O)        0.124    15.343 r  game/fsm/D_registers_q[5][21]_i_6/O
                         net (fo=1, routed)           0.433    15.776    game/fsm/D_registers_q[5][21]_i_6_n_0
    SLICE_X49Y19         LUT6 (Prop_lut6_I2_O)        0.124    15.900 r  game/fsm/D_registers_q[5][21]_i_5/O
                         net (fo=2, routed)           0.821    16.721    game/fsm/D_registers_q[5][21]_i_5_n_0
    SLICE_X49Y20         LUT6 (Prop_lut6_I0_O)        0.124    16.845 r  game/fsm/D_registers_q[5][23]_i_6/O
                         net (fo=3, routed)           0.506    17.351    game/fsm/D_registers_q[5][23]_i_6_n_0
    SLICE_X48Y20         LUT6 (Prop_lut6_I0_O)        0.124    17.475 r  game/fsm/D_registers_q[5][25]_i_5/O
                         net (fo=2, routed)           0.819    18.294    game/fsm/D_registers_q[5][25]_i_5_n_0
    SLICE_X49Y22         LUT6 (Prop_lut6_I3_O)        0.124    18.418 f  game/fsm/D_registers_q[5][25]_i_4/O
                         net (fo=2, routed)           0.892    19.311    game/fsm/D_registers_q[5][25]_i_4_n_0
    SLICE_X49Y22         LUT6 (Prop_lut6_I5_O)        0.124    19.435 f  game/fsm/D_registers_q[5][0]_i_19/O
                         net (fo=1, routed)           1.096    20.531    game/fsm/D_registers_q[5][0]_i_19_n_0
    SLICE_X49Y26         LUT6 (Prop_lut6_I4_O)        0.124    20.655 f  game/fsm/D_registers_q[5][0]_i_9/O
                         net (fo=1, routed)           0.807    21.462    game/fsm/D_registers_q[5][0]_i_9_n_0
    SLICE_X48Y26         LUT6 (Prop_lut6_I2_O)        0.124    21.586 r  game/fsm/D_registers_q[5][0]_i_3/O
                         net (fo=1, routed)           0.513    22.099    game/fsm/D_registers_q[5][0]_i_3_n_0
    SLICE_X47Y26         LUT6 (Prop_lut6_I3_O)        0.124    22.223 r  game/fsm/D_registers_q[5][0]_i_1/O
                         net (fo=4, routed)           0.738    22.961    game/regfile/D[0]
    SLICE_X43Y25         FDRE                                         r  game/regfile/D_registers_q_reg[4][0]/D
  -------------------------------------------------------------------    -------------------

Slack:                    inf
  Source:                 game/fsm/FSM_onehot_D_state_q_reg[16]/C
                            (rising edge-triggered cell FDRE)
  Destination:            game/regfile/D_registers_q_reg[1][0]/D
  Path Group:             (none)
  Path Type:              Max at Slow Process Corner
  Data Path Delay:        22.907ns  (logic 3.228ns (14.092%)  route 19.679ns (85.908%))
  Logic Levels:           21  (FDRE=1 LUT3=1 LUT4=1 LUT6=18)

    Location             Delay type                Incr(ns)  Path(ns)    Netlist Resource(s)
  -------------------------------------------------------------------    -------------------
    SLICE_X38Y28         FDRE                         0.000     0.000 r  game/fsm/FSM_onehot_D_state_q_reg[16]/C
    SLICE_X38Y28         FDRE (Prop_fdre_C_Q)         0.518     0.518 f  game/fsm/FSM_onehot_D_state_q_reg[16]/Q
                         net (fo=9, routed)           1.502     2.020    game/fsm/FSM_onehot_D_state_q_reg_n_0_[16]
    SLICE_X39Y28         LUT4 (Prop_lut4_I0_O)        0.124     2.144 f  game/fsm/g0_b0_i_9/O
                         net (fo=1, routed)           0.818     2.961    game/fsm/g0_b0_i_9_n_0
    SLICE_X40Y28         LUT6 (Prop_lut6_I1_O)        0.124     3.085 r  game/fsm/g0_b0_i_5/O
                         net (fo=37, routed)          1.796     4.882    game/fsm/g0_b0_i_5_n_0
    SLICE_X38Y27         LUT6 (Prop_lut6_I5_O)        0.124     5.006 r  game/fsm/mul0_i_95/O
                         net (fo=30, routed)          2.783     7.789    game/regfile/mul0__1_i_18_0
    SLICE_X41Y24         LUT3 (Prop_lut3_I1_O)        0.152     7.941 r  game/regfile/mul0_i_91/O
                         net (fo=3, routed)           0.652     8.593    game/fsm/mul0__0_0
    SLICE_X42Y25         LUT6 (Prop_lut6_I1_O)        0.326     8.919 r  game/fsm/D_registers_q[5][13]_i_14/O
                         net (fo=1, routed)           0.829     9.748    game/fsm/D_registers_q[5][13]_i_14_n_0
    SLICE_X42Y24         LUT6 (Prop_lut6_I5_O)        0.124     9.872 f  game/fsm/D_registers_q[5][13]_i_10/O
                         net (fo=1, routed)           0.670    10.542    game/regfile/D_registers_q[5][16]_i_10
    SLICE_X42Y24         LUT6 (Prop_lut6_I1_O)        0.124    10.666 r  game/regfile/D_registers_q[5][13]_i_8/O
                         net (fo=2, routed)           1.030    11.696    game/fsm/D_registers_q[5][16]_i_8_0
    SLICE_X44Y23         LUT6 (Prop_lut6_I5_O)        0.124    11.820 f  game/fsm/D_registers_q[5][16]_i_10/O
                         net (fo=1, routed)           0.575    12.395    game/fsm/D_registers_q[5][16]_i_10_n_0
    SLICE_X44Y24         LUT6 (Prop_lut6_I1_O)        0.124    12.519 r  game/fsm/D_registers_q[5][16]_i_8/O
                         net (fo=2, routed)           0.810    13.329    game/fsm/D_registers_q[5][16]_i_8_n_0
    SLICE_X46Y24         LUT6 (Prop_lut6_I5_O)        0.124    13.453 f  game/fsm/D_registers_q[5][21]_i_9/O
                         net (fo=1, routed)           0.437    13.890    game/fsm/D_registers_q[5][21]_i_9_n_0
    SLICE_X47Y23         LUT6 (Prop_lut6_I1_O)        0.124    14.014 r  game/fsm/D_registers_q[5][21]_i_7/O
                         net (fo=2, routed)           1.205    15.219    game/fsm/D_registers_q[5][21]_i_7_n_0
    SLICE_X49Y19         LUT6 (Prop_lut6_I0_O)        0.124    15.343 r  game/fsm/D_registers_q[5][21]_i_6/O
                         net (fo=1, routed)           0.433    15.776    game/fsm/D_registers_q[5][21]_i_6_n_0
    SLICE_X49Y19         LUT6 (Prop_lut6_I2_O)        0.124    15.900 r  game/fsm/D_registers_q[5][21]_i_5/O
                         net (fo=2, routed)           0.821    16.721    game/fsm/D_registers_q[5][21]_i_5_n_0
    SLICE_X49Y20         LUT6 (Prop_lut6_I0_O)        0.124    16.845 r  game/fsm/D_registers_q[5][23]_i_6/O
                         net (fo=3, routed)           0.506    17.351    game/fsm/D_registers_q[5][23]_i_6_n_0
    SLICE_X48Y20         LUT6 (Prop_lut6_I0_O)        0.124    17.475 r  game/fsm/D_registers_q[5][25]_i_5/O
                         net (fo=2, routed)           0.819    18.294    game/fsm/D_registers_q[5][25]_i_5_n_0
    SLICE_X49Y22         LUT6 (Prop_lut6_I3_O)        0.124    18.418 f  game/fsm/D_registers_q[5][25]_i_4/O
                         net (fo=2, routed)           0.892    19.311    game/fsm/D_registers_q[5][25]_i_4_n_0
    SLICE_X49Y22         LUT6 (Prop_lut6_I5_O)        0.124    19.435 f  game/fsm/D_registers_q[5][0]_i_19/O
                         net (fo=1, routed)           1.096    20.531    game/fsm/D_registers_q[5][0]_i_19_n_0
    SLICE_X49Y26         LUT6 (Prop_lut6_I4_O)        0.124    20.655 f  game/fsm/D_registers_q[5][0]_i_9/O
                         net (fo=1, routed)           0.807    21.462    game/fsm/D_registers_q[5][0]_i_9_n_0
    SLICE_X48Y26         LUT6 (Prop_lut6_I2_O)        0.124    21.586 r  game/fsm/D_registers_q[5][0]_i_3/O
                         net (fo=1, routed)           0.513    22.099    game/fsm/D_registers_q[5][0]_i_3_n_0
    SLICE_X47Y26         LUT6 (Prop_lut6_I3_O)        0.124    22.223 r  game/fsm/D_registers_q[5][0]_i_1/O
                         net (fo=4, routed)           0.684    22.907    game/regfile/D[0]
    SLICE_X41Y25         FDRE                                         r  game/regfile/D_registers_q_reg[1][0]/D
  -------------------------------------------------------------------    -------------------

Slack:                    inf
  Source:                 game/fsm/FSM_onehot_D_state_q_reg[16]/C
                            (rising edge-triggered cell FDRE)
  Destination:            game/regfile/D_registers_q_reg[5][0]/D
  Path Group:             (none)
  Path Type:              Max at Slow Process Corner
  Data Path Delay:        22.768ns  (logic 3.228ns (14.178%)  route 19.540ns (85.822%))
  Logic Levels:           21  (FDRE=1 LUT3=1 LUT4=1 LUT6=18)

    Location             Delay type                Incr(ns)  Path(ns)    Netlist Resource(s)
  -------------------------------------------------------------------    -------------------
    SLICE_X38Y28         FDRE                         0.000     0.000 r  game/fsm/FSM_onehot_D_state_q_reg[16]/C
    SLICE_X38Y28         FDRE (Prop_fdre_C_Q)         0.518     0.518 f  game/fsm/FSM_onehot_D_state_q_reg[16]/Q
                         net (fo=9, routed)           1.502     2.020    game/fsm/FSM_onehot_D_state_q_reg_n_0_[16]
    SLICE_X39Y28         LUT4 (Prop_lut4_I0_O)        0.124     2.144 f  game/fsm/g0_b0_i_9/O
                         net (fo=1, routed)           0.818     2.961    game/fsm/g0_b0_i_9_n_0
    SLICE_X40Y28         LUT6 (Prop_lut6_I1_O)        0.124     3.085 r  game/fsm/g0_b0_i_5/O
                         net (fo=37, routed)          1.796     4.882    game/fsm/g0_b0_i_5_n_0
    SLICE_X38Y27         LUT6 (Prop_lut6_I5_O)        0.124     5.006 r  game/fsm/mul0_i_95/O
                         net (fo=30, routed)          2.783     7.789    game/regfile/mul0__1_i_18_0
    SLICE_X41Y24         LUT3 (Prop_lut3_I1_O)        0.152     7.941 r  game/regfile/mul0_i_91/O
                         net (fo=3, routed)           0.652     8.593    game/fsm/mul0__0_0
    SLICE_X42Y25         LUT6 (Prop_lut6_I1_O)        0.326     8.919 r  game/fsm/D_registers_q[5][13]_i_14/O
                         net (fo=1, routed)           0.829     9.748    game/fsm/D_registers_q[5][13]_i_14_n_0
    SLICE_X42Y24         LUT6 (Prop_lut6_I5_O)        0.124     9.872 f  game/fsm/D_registers_q[5][13]_i_10/O
                         net (fo=1, routed)           0.670    10.542    game/regfile/D_registers_q[5][16]_i_10
    SLICE_X42Y24         LUT6 (Prop_lut6_I1_O)        0.124    10.666 r  game/regfile/D_registers_q[5][13]_i_8/O
                         net (fo=2, routed)           1.030    11.696    game/fsm/D_registers_q[5][16]_i_8_0
    SLICE_X44Y23         LUT6 (Prop_lut6_I5_O)        0.124    11.820 f  game/fsm/D_registers_q[5][16]_i_10/O
                         net (fo=1, routed)           0.575    12.395    game/fsm/D_registers_q[5][16]_i_10_n_0
    SLICE_X44Y24         LUT6 (Prop_lut6_I1_O)        0.124    12.519 r  game/fsm/D_registers_q[5][16]_i_8/O
                         net (fo=2, routed)           0.810    13.329    game/fsm/D_registers_q[5][16]_i_8_n_0
    SLICE_X46Y24         LUT6 (Prop_lut6_I5_O)        0.124    13.453 f  game/fsm/D_registers_q[5][21]_i_9/O
                         net (fo=1, routed)           0.437    13.890    game/fsm/D_registers_q[5][21]_i_9_n_0
    SLICE_X47Y23         LUT6 (Prop_lut6_I1_O)        0.124    14.014 r  game/fsm/D_registers_q[5][21]_i_7/O
                         net (fo=2, routed)           1.205    15.219    game/fsm/D_registers_q[5][21]_i_7_n_0
    SLICE_X49Y19         LUT6 (Prop_lut6_I0_O)        0.124    15.343 r  game/fsm/D_registers_q[5][21]_i_6/O
                         net (fo=1, routed)           0.433    15.776    game/fsm/D_registers_q[5][21]_i_6_n_0
    SLICE_X49Y19         LUT6 (Prop_lut6_I2_O)        0.124    15.900 r  game/fsm/D_registers_q[5][21]_i_5/O
                         net (fo=2, routed)           0.821    16.721    game/fsm/D_registers_q[5][21]_i_5_n_0
    SLICE_X49Y20         LUT6 (Prop_lut6_I0_O)        0.124    16.845 r  game/fsm/D_registers_q[5][23]_i_6/O
                         net (fo=3, routed)           0.506    17.351    game/fsm/D_registers_q[5][23]_i_6_n_0
    SLICE_X48Y20         LUT6 (Prop_lut6_I0_O)        0.124    17.475 r  game/fsm/D_registers_q[5][25]_i_5/O
                         net (fo=2, routed)           0.819    18.294    game/fsm/D_registers_q[5][25]_i_5_n_0
    SLICE_X49Y22         LUT6 (Prop_lut6_I3_O)        0.124    18.418 f  game/fsm/D_registers_q[5][25]_i_4/O
                         net (fo=2, routed)           0.892    19.311    game/fsm/D_registers_q[5][25]_i_4_n_0
    SLICE_X49Y22         LUT6 (Prop_lut6_I5_O)        0.124    19.435 f  game/fsm/D_registers_q[5][0]_i_19/O
                         net (fo=1, routed)           1.096    20.531    game/fsm/D_registers_q[5][0]_i_19_n_0
    SLICE_X49Y26         LUT6 (Prop_lut6_I4_O)        0.124    20.655 f  game/fsm/D_registers_q[5][0]_i_9/O
                         net (fo=1, routed)           0.807    21.462    game/fsm/D_registers_q[5][0]_i_9_n_0
    SLICE_X48Y26         LUT6 (Prop_lut6_I2_O)        0.124    21.586 r  game/fsm/D_registers_q[5][0]_i_3/O
                         net (fo=1, routed)           0.513    22.099    game/fsm/D_registers_q[5][0]_i_3_n_0
    SLICE_X47Y26         LUT6 (Prop_lut6_I3_O)        0.124    22.223 r  game/fsm/D_registers_q[5][0]_i_1/O
                         net (fo=4, routed)           0.544    22.768    game/regfile/D[0]
    SLICE_X41Y26         FDRE                                         r  game/regfile/D_registers_q_reg[5][0]/D
  -------------------------------------------------------------------    -------------------

Slack:                    inf
  Source:                 game/fsm/FSM_onehot_D_state_q_reg[16]/C
                            (rising edge-triggered cell FDRE)
  Destination:            game/regfile/D_registers_q_reg[0][0]/D
  Path Group:             (none)
  Path Type:              Max at Slow Process Corner
  Data Path Delay:        22.728ns  (logic 3.228ns (14.203%)  route 19.500ns (85.797%))
  Logic Levels:           21  (FDRE=1 LUT3=1 LUT4=1 LUT6=18)

    Location             Delay type                Incr(ns)  Path(ns)    Netlist Resource(s)
  -------------------------------------------------------------------    -------------------
    SLICE_X38Y28         FDRE                         0.000     0.000 r  game/fsm/FSM_onehot_D_state_q_reg[16]/C
    SLICE_X38Y28         FDRE (Prop_fdre_C_Q)         0.518     0.518 f  game/fsm/FSM_onehot_D_state_q_reg[16]/Q
                         net (fo=9, routed)           1.502     2.020    game/fsm/FSM_onehot_D_state_q_reg_n_0_[16]
    SLICE_X39Y28         LUT4 (Prop_lut4_I0_O)        0.124     2.144 f  game/fsm/g0_b0_i_9/O
                         net (fo=1, routed)           0.818     2.961    game/fsm/g0_b0_i_9_n_0
    SLICE_X40Y28         LUT6 (Prop_lut6_I1_O)        0.124     3.085 r  game/fsm/g0_b0_i_5/O
                         net (fo=37, routed)          1.796     4.882    game/fsm/g0_b0_i_5_n_0
    SLICE_X38Y27         LUT6 (Prop_lut6_I5_O)        0.124     5.006 r  game/fsm/mul0_i_95/O
                         net (fo=30, routed)          2.783     7.789    game/regfile/mul0__1_i_18_0
    SLICE_X41Y24         LUT3 (Prop_lut3_I1_O)        0.152     7.941 r  game/regfile/mul0_i_91/O
                         net (fo=3, routed)           0.652     8.593    game/fsm/mul0__0_0
    SLICE_X42Y25         LUT6 (Prop_lut6_I1_O)        0.326     8.919 r  game/fsm/D_registers_q[5][13]_i_14/O
                         net (fo=1, routed)           0.829     9.748    game/fsm/D_registers_q[5][13]_i_14_n_0
    SLICE_X42Y24         LUT6 (Prop_lut6_I5_O)        0.124     9.872 f  game/fsm/D_registers_q[5][13]_i_10/O
                         net (fo=1, routed)           0.670    10.542    game/regfile/D_registers_q[5][16]_i_10
    SLICE_X42Y24         LUT6 (Prop_lut6_I1_O)        0.124    10.666 r  game/regfile/D_registers_q[5][13]_i_8/O
                         net (fo=2, routed)           1.030    11.696    game/fsm/D_registers_q[5][16]_i_8_0
    SLICE_X44Y23         LUT6 (Prop_lut6_I5_O)        0.124    11.820 f  game/fsm/D_registers_q[5][16]_i_10/O
                         net (fo=1, routed)           0.575    12.395    game/fsm/D_registers_q[5][16]_i_10_n_0
    SLICE_X44Y24         LUT6 (Prop_lut6_I1_O)        0.124    12.519 r  game/fsm/D_registers_q[5][16]_i_8/O
                         net (fo=2, routed)           0.810    13.329    game/fsm/D_registers_q[5][16]_i_8_n_0
    SLICE_X46Y24         LUT6 (Prop_lut6_I5_O)        0.124    13.453 f  game/fsm/D_registers_q[5][21]_i_9/O
                         net (fo=1, routed)           0.437    13.890    game/fsm/D_registers_q[5][21]_i_9_n_0
    SLICE_X47Y23         LUT6 (Prop_lut6_I1_O)        0.124    14.014 r  game/fsm/D_registers_q[5][21]_i_7/O
                         net (fo=2, routed)           1.205    15.219    game/fsm/D_registers_q[5][21]_i_7_n_0
    SLICE_X49Y19         LUT6 (Prop_lut6_I0_O)        0.124    15.343 r  game/fsm/D_registers_q[5][21]_i_6/O
                         net (fo=1, routed)           0.433    15.776    game/fsm/D_registers_q[5][21]_i_6_n_0
    SLICE_X49Y19         LUT6 (Prop_lut6_I2_O)        0.124    15.900 r  game/fsm/D_registers_q[5][21]_i_5/O
                         net (fo=2, routed)           0.821    16.721    game/fsm/D_registers_q[5][21]_i_5_n_0
    SLICE_X49Y20         LUT6 (Prop_lut6_I0_O)        0.124    16.845 r  game/fsm/D_registers_q[5][23]_i_6/O
                         net (fo=3, routed)           0.506    17.351    game/fsm/D_registers_q[5][23]_i_6_n_0
    SLICE_X48Y20         LUT6 (Prop_lut6_I0_O)        0.124    17.475 r  game/fsm/D_registers_q[5][25]_i_5/O
                         net (fo=2, routed)           0.819    18.294    game/fsm/D_registers_q[5][25]_i_5_n_0
    SLICE_X49Y22         LUT6 (Prop_lut6_I3_O)        0.124    18.418 f  game/fsm/D_registers_q[5][25]_i_4/O
                         net (fo=2, routed)           0.892    19.311    game/fsm/D_registers_q[5][25]_i_4_n_0
    SLICE_X49Y22         LUT6 (Prop_lut6_I5_O)        0.124    19.435 f  game/fsm/D_registers_q[5][0]_i_19/O
                         net (fo=1, routed)           1.096    20.531    game/fsm/D_registers_q[5][0]_i_19_n_0
    SLICE_X49Y26         LUT6 (Prop_lut6_I4_O)        0.124    20.655 f  game/fsm/D_registers_q[5][0]_i_9/O
                         net (fo=1, routed)           0.807    21.462    game/fsm/D_registers_q[5][0]_i_9_n_0
    SLICE_X48Y26         LUT6 (Prop_lut6_I2_O)        0.124    21.586 r  game/fsm/D_registers_q[5][0]_i_3/O
                         net (fo=1, routed)           0.513    22.099    game/fsm/D_registers_q[5][0]_i_3_n_0
    SLICE_X47Y26         LUT6 (Prop_lut6_I3_O)        0.124    22.223 r  game/fsm/D_registers_q[5][0]_i_1/O
                         net (fo=4, routed)           0.505    22.728    game/regfile/D[0]
    SLICE_X42Y25         FDRE                                         r  game/regfile/D_registers_q_reg[0][0]/D
  -------------------------------------------------------------------    -------------------

Slack:                    inf
  Source:                 game/fsm/FSM_onehot_D_state_q_reg[16]/C
                            (rising edge-triggered cell FDRE)
  Destination:            game/regfile/D_registers_q_reg[0][30]/D
  Path Group:             (none)
  Path Type:              Max at Slow Process Corner
  Data Path Delay:        21.919ns  (logic 3.458ns (15.776%)  route 18.461ns (84.223%))
  Logic Levels:           21  (FDRE=1 LUT3=1 LUT4=2 LUT5=1 LUT6=16)

    Location             Delay type                Incr(ns)  Path(ns)    Netlist Resource(s)
  -------------------------------------------------------------------    -------------------
    SLICE_X38Y28         FDRE                         0.000     0.000 r  game/fsm/FSM_onehot_D_state_q_reg[16]/C
    SLICE_X38Y28         FDRE (Prop_fdre_C_Q)         0.518     0.518 f  game/fsm/FSM_onehot_D_state_q_reg[16]/Q
                         net (fo=9, routed)           1.502     2.020    game/fsm/FSM_onehot_D_state_q_reg_n_0_[16]
    SLICE_X39Y28         LUT4 (Prop_lut4_I0_O)        0.124     2.144 f  game/fsm/g0_b0_i_9/O
                         net (fo=1, routed)           0.818     2.961    game/fsm/g0_b0_i_9_n_0
    SLICE_X40Y28         LUT6 (Prop_lut6_I1_O)        0.124     3.085 r  game/fsm/g0_b0_i_5/O
                         net (fo=37, routed)          1.796     4.882    game/fsm/g0_b0_i_5_n_0
    SLICE_X38Y27         LUT6 (Prop_lut6_I5_O)        0.124     5.006 r  game/fsm/mul0_i_95/O
                         net (fo=30, routed)          2.783     7.789    game/regfile/mul0__1_i_18_0
    SLICE_X41Y24         LUT3 (Prop_lut3_I1_O)        0.152     7.941 r  game/regfile/mul0_i_91/O
                         net (fo=3, routed)           0.652     8.593    game/fsm/mul0__0_0
    SLICE_X42Y25         LUT6 (Prop_lut6_I1_O)        0.326     8.919 r  game/fsm/D_registers_q[5][13]_i_14/O
                         net (fo=1, routed)           0.829     9.748    game/fsm/D_registers_q[5][13]_i_14_n_0
    SLICE_X42Y24         LUT6 (Prop_lut6_I5_O)        0.124     9.872 f  game/fsm/D_registers_q[5][13]_i_10/O
                         net (fo=1, routed)           0.670    10.542    game/regfile/D_registers_q[5][16]_i_10
    SLICE_X42Y24         LUT6 (Prop_lut6_I1_O)        0.124    10.666 r  game/regfile/D_registers_q[5][13]_i_8/O
                         net (fo=2, routed)           1.030    11.696    game/fsm/D_registers_q[5][16]_i_8_0
    SLICE_X44Y23         LUT6 (Prop_lut6_I5_O)        0.124    11.820 f  game/fsm/D_registers_q[5][16]_i_10/O
                         net (fo=1, routed)           0.575    12.395    game/fsm/D_registers_q[5][16]_i_10_n_0
    SLICE_X44Y24         LUT6 (Prop_lut6_I1_O)        0.124    12.519 r  game/fsm/D_registers_q[5][16]_i_8/O
                         net (fo=2, routed)           0.810    13.329    game/fsm/D_registers_q[5][16]_i_8_n_0
    SLICE_X46Y24         LUT6 (Prop_lut6_I5_O)        0.124    13.453 f  game/fsm/D_registers_q[5][21]_i_9/O
                         net (fo=1, routed)           0.437    13.890    game/fsm/D_registers_q[5][21]_i_9_n_0
    SLICE_X47Y23         LUT6 (Prop_lut6_I1_O)        0.124    14.014 r  game/fsm/D_registers_q[5][21]_i_7/O
                         net (fo=2, routed)           0.651    14.665    game/fsm/D_registers_q[5][21]_i_7_n_0
    SLICE_X47Y21         LUT6 (Prop_lut6_I5_O)        0.124    14.789 f  game/fsm/D_registers_q[5][26]_i_11/O
                         net (fo=1, routed)           0.433    15.222    game/fsm/D_registers_q[5][26]_i_11_n_0
    SLICE_X47Y21         LUT6 (Prop_lut6_I1_O)        0.124    15.346 r  game/fsm/D_registers_q[5][26]_i_9/O
                         net (fo=2, routed)           0.498    15.845    game/fsm/D_registers_q[5][26]_i_9_n_0
    SLICE_X49Y21         LUT6 (Prop_lut6_I0_O)        0.124    15.969 r  game/fsm/D_registers_q[5][26]_i_8/O
                         net (fo=1, routed)           0.817    16.786    game/fsm/D_registers_q[5][26]_i_8_n_0
    SLICE_X49Y22         LUT6 (Prop_lut6_I0_O)        0.124    16.910 r  game/fsm/D_registers_q[5][26]_i_6/O
                         net (fo=2, routed)           0.600    17.510    game/fsm/D_registers_q[5][26]_i_6_n_0
    SLICE_X50Y22         LUT5 (Prop_lut5_I0_O)        0.150    17.660 r  game/fsm/D_registers_q[5][28]_i_5/O
                         net (fo=3, routed)           0.630    18.291    game/fsm/D_registers_q[5][28]_i_5_n_0
    SLICE_X51Y26         LUT6 (Prop_lut6_I2_O)        0.328    18.619 r  game/fsm/D_registers_q[5][30]_i_5/O
                         net (fo=3, routed)           1.053    19.672    game/fsm/D_registers_q[5][30]_i_5_n_0
    SLICE_X49Y26         LUT6 (Prop_lut6_I3_O)        0.124    19.796 r  game/fsm/D_registers_q[5][30]_i_4/O
                         net (fo=2, routed)           0.624    20.419    game/fsm/D_registers_q[5][30]_i_4_n_0
    SLICE_X52Y26         LUT4 (Prop_lut4_I2_O)        0.124    20.543 f  game/fsm/D_registers_q[5][30]_i_3/O
                         net (fo=1, routed)           0.670    21.213    game/fsm/D_registers_q[5][30]_i_3_n_0
    SLICE_X52Y26         LUT6 (Prop_lut6_I5_O)        0.124    21.337 r  game/fsm/D_registers_q[5][30]_i_1/O
                         net (fo=4, routed)           0.581    21.919    game/regfile/D[30]
    SLICE_X50Y27         FDRE                                         r  game/regfile/D_registers_q_reg[0][30]/D
  -------------------------------------------------------------------    -------------------

Slack:                    inf
  Source:                 game/fsm/FSM_onehot_D_state_q_reg[16]/C
                            (rising edge-triggered cell FDRE)
  Destination:            game/regfile/D_registers_q_reg[1][31]/D
  Path Group:             (none)
  Path Type:              Max at Slow Process Corner
  Data Path Delay:        21.910ns  (logic 3.228ns (14.733%)  route 18.682ns (85.267%))
  Logic Levels:           21  (FDRE=1 LUT3=1 LUT4=2 LUT6=17)

    Location             Delay type                Incr(ns)  Path(ns)    Netlist Resource(s)
  -------------------------------------------------------------------    -------------------
    SLICE_X38Y28         FDRE                         0.000     0.000 r  game/fsm/FSM_onehot_D_state_q_reg[16]/C
    SLICE_X38Y28         FDRE (Prop_fdre_C_Q)         0.518     0.518 f  game/fsm/FSM_onehot_D_state_q_reg[16]/Q
                         net (fo=9, routed)           1.502     2.020    game/fsm/FSM_onehot_D_state_q_reg_n_0_[16]
    SLICE_X39Y28         LUT4 (Prop_lut4_I0_O)        0.124     2.144 f  game/fsm/g0_b0_i_9/O
                         net (fo=1, routed)           0.818     2.961    game/fsm/g0_b0_i_9_n_0
    SLICE_X40Y28         LUT6 (Prop_lut6_I1_O)        0.124     3.085 r  game/fsm/g0_b0_i_5/O
                         net (fo=37, routed)          1.796     4.882    game/fsm/g0_b0_i_5_n_0
    SLICE_X38Y27         LUT6 (Prop_lut6_I5_O)        0.124     5.006 r  game/fsm/mul0_i_95/O
                         net (fo=30, routed)          2.783     7.789    game/regfile/mul0__1_i_18_0
    SLICE_X41Y24         LUT3 (Prop_lut3_I1_O)        0.152     7.941 r  game/regfile/mul0_i_91/O
                         net (fo=3, routed)           0.652     8.593    game/fsm/mul0__0_0
    SLICE_X42Y25         LUT6 (Prop_lut6_I1_O)        0.326     8.919 r  game/fsm/D_registers_q[5][13]_i_14/O
                         net (fo=1, routed)           0.829     9.748    game/fsm/D_registers_q[5][13]_i_14_n_0
    SLICE_X42Y24         LUT6 (Prop_lut6_I5_O)        0.124     9.872 f  game/fsm/D_registers_q[5][13]_i_10/O
                         net (fo=1, routed)           0.670    10.542    game/regfile/D_registers_q[5][16]_i_10
    SLICE_X42Y24         LUT6 (Prop_lut6_I1_O)        0.124    10.666 r  game/regfile/D_registers_q[5][13]_i_8/O
                         net (fo=2, routed)           1.030    11.696    game/fsm/D_registers_q[5][16]_i_8_0
    SLICE_X44Y23         LUT6 (Prop_lut6_I5_O)        0.124    11.820 f  game/fsm/D_registers_q[5][16]_i_10/O
                         net (fo=1, routed)           0.575    12.395    game/fsm/D_registers_q[5][16]_i_10_n_0
    SLICE_X44Y24         LUT6 (Prop_lut6_I1_O)        0.124    12.519 r  game/fsm/D_registers_q[5][16]_i_8/O
                         net (fo=2, routed)           0.810    13.329    game/fsm/D_registers_q[5][16]_i_8_n_0
    SLICE_X46Y24         LUT6 (Prop_lut6_I5_O)        0.124    13.453 f  game/fsm/D_registers_q[5][21]_i_9/O
                         net (fo=1, routed)           0.437    13.890    game/fsm/D_registers_q[5][21]_i_9_n_0
    SLICE_X47Y23         LUT6 (Prop_lut6_I1_O)        0.124    14.014 r  game/fsm/D_registers_q[5][21]_i_7/O
                         net (fo=2, routed)           0.651    14.665    game/fsm/D_registers_q[5][21]_i_7_n_0
    SLICE_X47Y21         LUT6 (Prop_lut6_I5_O)        0.124    14.789 f  game/fsm/D_registers_q[5][26]_i_11/O
                         net (fo=1, routed)           0.433    15.222    game/fsm/D_registers_q[5][26]_i_11_n_0
    SLICE_X47Y21         LUT6 (Prop_lut6_I1_O)        0.124    15.346 r  game/fsm/D_registers_q[5][26]_i_9/O
                         net (fo=2, routed)           0.730    16.077    game/fsm/D_registers_q[5][26]_i_9_n_0
    SLICE_X49Y21         LUT6 (Prop_lut6_I5_O)        0.124    16.201 f  game/fsm/D_registers_q[5][31]_i_20/O
                         net (fo=1, routed)           0.636    16.837    game/fsm/D_registers_q[5][31]_i_20_n_0
    SLICE_X49Y22         LUT6 (Prop_lut6_I1_O)        0.124    16.961 r  game/fsm/D_registers_q[5][31]_i_18/O
                         net (fo=2, routed)           0.974    17.935    game/fsm/D_registers_q[5][31]_i_18_n_0
    SLICE_X50Y24         LUT6 (Prop_lut6_I0_O)        0.124    18.059 r  game/fsm/D_registers_q[5][31]_i_17/O
                         net (fo=1, routed)           0.527    18.586    game/fsm/D_registers_q[5][31]_i_17_n_0
    SLICE_X50Y26         LUT6 (Prop_lut6_I2_O)        0.124    18.710 r  game/fsm/D_registers_q[5][31]_i_15/O
                         net (fo=1, routed)           0.584    19.294    game/fsm/D_registers_q[5][31]_i_15_n_0
    SLICE_X49Y26         LUT6 (Prop_lut6_I0_O)        0.124    19.418 f  game/fsm/D_registers_q[5][31]_i_13/O
                         net (fo=2, routed)           0.507    19.925    game/fsm/D_registers_q[5][31]_i_13_n_0
    SLICE_X48Y26         LUT4 (Prop_lut4_I2_O)        0.124    20.049 f  game/fsm/D_registers_q[5][31]_i_8/O
                         net (fo=1, routed)           0.913    20.962    game/fsm/D_registers_q[5][31]_i_8_n_0
    SLICE_X46Y26         LUT6 (Prop_lut6_I5_O)        0.124    21.086 r  game/fsm/D_registers_q[5][31]_i_2/O
                         net (fo=4, routed)           0.825    21.910    game/regfile/D[31]
    SLICE_X43Y26         FDRE                                         r  game/regfile/D_registers_q_reg[1][31]/D
  -------------------------------------------------------------------    -------------------

Slack:                    inf
  Source:                 game/fsm/FSM_onehot_D_state_q_reg[16]/C
                            (rising edge-triggered cell FDRE)
  Destination:            game/regfile/D_registers_q_reg[4][30]/D
  Path Group:             (none)
  Path Type:              Max at Slow Process Corner
  Data Path Delay:        21.862ns  (logic 3.458ns (15.818%)  route 18.404ns (84.182%))
  Logic Levels:           21  (FDRE=1 LUT3=1 LUT4=2 LUT5=1 LUT6=16)

    Location             Delay type                Incr(ns)  Path(ns)    Netlist Resource(s)
  -------------------------------------------------------------------    -------------------
    SLICE_X38Y28         FDRE                         0.000     0.000 r  game/fsm/FSM_onehot_D_state_q_reg[16]/C
    SLICE_X38Y28         FDRE (Prop_fdre_C_Q)         0.518     0.518 f  game/fsm/FSM_onehot_D_state_q_reg[16]/Q
                         net (fo=9, routed)           1.502     2.020    game/fsm/FSM_onehot_D_state_q_reg_n_0_[16]
    SLICE_X39Y28         LUT4 (Prop_lut4_I0_O)        0.124     2.144 f  game/fsm/g0_b0_i_9/O
                         net (fo=1, routed)           0.818     2.961    game/fsm/g0_b0_i_9_n_0
    SLICE_X40Y28         LUT6 (Prop_lut6_I1_O)        0.124     3.085 r  game/fsm/g0_b0_i_5/O
                         net (fo=37, routed)          1.796     4.882    game/fsm/g0_b0_i_5_n_0
    SLICE_X38Y27         LUT6 (Prop_lut6_I5_O)        0.124     5.006 r  game/fsm/mul0_i_95/O
                         net (fo=30, routed)          2.783     7.789    game/regfile/mul0__1_i_18_0
    SLICE_X41Y24         LUT3 (Prop_lut3_I1_O)        0.152     7.941 r  game/regfile/mul0_i_91/O
                         net (fo=3, routed)           0.652     8.593    game/fsm/mul0__0_0
    SLICE_X42Y25         LUT6 (Prop_lut6_I1_O)        0.326     8.919 r  game/fsm/D_registers_q[5][13]_i_14/O
                         net (fo=1, routed)           0.829     9.748    game/fsm/D_registers_q[5][13]_i_14_n_0
    SLICE_X42Y24         LUT6 (Prop_lut6_I5_O)        0.124     9.872 f  game/fsm/D_registers_q[5][13]_i_10/O
                         net (fo=1, routed)           0.670    10.542    game/regfile/D_registers_q[5][16]_i_10
    SLICE_X42Y24         LUT6 (Prop_lut6_I1_O)        0.124    10.666 r  game/regfile/D_registers_q[5][13]_i_8/O
                         net (fo=2, routed)           1.030    11.696    game/fsm/D_registers_q[5][16]_i_8_0
    SLICE_X44Y23         LUT6 (Prop_lut6_I5_O)        0.124    11.820 f  game/fsm/D_registers_q[5][16]_i_10/O
                         net (fo=1, routed)           0.575    12.395    game/fsm/D_registers_q[5][16]_i_10_n_0
    SLICE_X44Y24         LUT6 (Prop_lut6_I1_O)        0.124    12.519 r  game/fsm/D_registers_q[5][16]_i_8/O
                         net (fo=2, routed)           0.810    13.329    game/fsm/D_registers_q[5][16]_i_8_n_0
    SLICE_X46Y24         LUT6 (Prop_lut6_I5_O)        0.124    13.453 f  game/fsm/D_registers_q[5][21]_i_9/O
                         net (fo=1, routed)           0.437    13.890    game/fsm/D_registers_q[5][21]_i_9_n_0
    SLICE_X47Y23         LUT6 (Prop_lut6_I1_O)        0.124    14.014 r  game/fsm/D_registers_q[5][21]_i_7/O
                         net (fo=2, routed)           0.651    14.665    game/fsm/D_registers_q[5][21]_i_7_n_0
    SLICE_X47Y21         LUT6 (Prop_lut6_I5_O)        0.124    14.789 f  game/fsm/D_registers_q[5][26]_i_11/O
                         net (fo=1, routed)           0.433    15.222    game/fsm/D_registers_q[5][26]_i_11_n_0
    SLICE_X47Y21         LUT6 (Prop_lut6_I1_O)        0.124    15.346 r  game/fsm/D_registers_q[5][26]_i_9/O
                         net (fo=2, routed)           0.498    15.845    game/fsm/D_registers_q[5][26]_i_9_n_0
    SLICE_X49Y21         LUT6 (Prop_lut6_I0_O)        0.124    15.969 r  game/fsm/D_registers_q[5][26]_i_8/O
                         net (fo=1, routed)           0.817    16.786    game/fsm/D_registers_q[5][26]_i_8_n_0
    SLICE_X49Y22         LUT6 (Prop_lut6_I0_O)        0.124    16.910 r  game/fsm/D_registers_q[5][26]_i_6/O
                         net (fo=2, routed)           0.600    17.510    game/fsm/D_registers_q[5][26]_i_6_n_0
    SLICE_X50Y22         LUT5 (Prop_lut5_I0_O)        0.150    17.660 r  game/fsm/D_registers_q[5][28]_i_5/O
                         net (fo=3, routed)           0.630    18.291    game/fsm/D_registers_q[5][28]_i_5_n_0
    SLICE_X51Y26         LUT6 (Prop_lut6_I2_O)        0.328    18.619 r  game/fsm/D_registers_q[5][30]_i_5/O
                         net (fo=3, routed)           1.053    19.672    game/fsm/D_registers_q[5][30]_i_5_n_0
    SLICE_X49Y26         LUT6 (Prop_lut6_I3_O)        0.124    19.796 r  game/fsm/D_registers_q[5][30]_i_4/O
                         net (fo=2, routed)           0.624    20.419    game/fsm/D_registers_q[5][30]_i_4_n_0
    SLICE_X52Y26         LUT4 (Prop_lut4_I2_O)        0.124    20.543 f  game/fsm/D_registers_q[5][30]_i_3/O
                         net (fo=1, routed)           0.670    21.213    game/fsm/D_registers_q[5][30]_i_3_n_0
    SLICE_X52Y26         LUT6 (Prop_lut6_I5_O)        0.124    21.337 r  game/fsm/D_registers_q[5][30]_i_1/O
                         net (fo=4, routed)           0.524    21.862    game/regfile/D[30]
    SLICE_X50Y26         FDRE                                         r  game/regfile/D_registers_q_reg[4][30]/D
  -------------------------------------------------------------------    -------------------





Min Delay Paths
--------------------------------------------------------------------------------------
Slack:                    inf
  Source:                 game/fsm/FSM_onehot_D_state_q_reg[9]/C
                            (rising edge-triggered cell FDRE)
  Destination:            game/fsm/FSM_onehot_D_state_q_reg[10]/D
  Path Group:             (none)
  Path Type:              Min at Fast Process Corner
  Data Path Delay:        0.236ns  (logic 0.148ns (62.844%)  route 0.088ns (37.156%))
  Logic Levels:           1  (FDRE=1)

    Location             Delay type                Incr(ns)  Path(ns)    Netlist Resource(s)
  -------------------------------------------------------------------    -------------------
    SLICE_X38Y28         FDRE                         0.000     0.000 r  game/fsm/FSM_onehot_D_state_q_reg[9]/C
    SLICE_X38Y28         FDRE (Prop_fdre_C_Q)         0.148     0.148 r  game/fsm/FSM_onehot_D_state_q_reg[9]/Q
                         net (fo=4, routed)           0.088     0.236    game/fsm/FSM_onehot_D_state_q_reg_n_0_[9]
    SLICE_X39Y28         FDRE                                         r  game/fsm/FSM_onehot_D_state_q_reg[10]/D
  -------------------------------------------------------------------    -------------------

Slack:                    inf
  Source:                 auto_seq_ctr_q_reg[2]/C
                            (rising edge-triggered cell FDRE)
  Destination:            auto_seq_ctr_q_reg[3]/D
  Path Group:             (none)
  Path Type:              Min at Fast Process Corner
  Data Path Delay:        0.288ns  (logic 0.186ns (64.652%)  route 0.102ns (35.348%))
  Logic Levels:           2  (FDRE=1 LUT6=1)

    Location             Delay type                Incr(ns)  Path(ns)    Netlist Resource(s)
  -------------------------------------------------------------------    -------------------
    SLICE_X45Y34         FDRE                         0.000     0.000 r  auto_seq_ctr_q_reg[2]/C
    SLICE_X45Y34         FDRE (Prop_fdre_C_Q)         0.141     0.141 r  auto_seq_ctr_q_reg[2]/Q
                         net (fo=5, routed)           0.102     0.243    auto_seq_ctr_q[2]
    SLICE_X44Y34         LUT6 (Prop_lut6_I2_O)        0.045     0.288 r  auto_seq_ctr_q[3]_i_1/O
                         net (fo=1, routed)           0.000     0.288    auto_seq_ctr_q[3]_i_1_n_0
    SLICE_X44Y34         FDRE                                         r  auto_seq_ctr_q_reg[3]/D
  -------------------------------------------------------------------    -------------------

Slack:                    inf
  Source:                 auto_seq_ctr_q_reg[5]/C
                            (rising edge-triggered cell FDRE)
  Destination:            auto_seq_ctr_q_reg[7]/D
  Path Group:             (none)
  Path Type:              Min at Fast Process Corner
  Data Path Delay:        0.300ns  (logic 0.186ns (61.937%)  route 0.114ns (38.063%))
  Logic Levels:           2  (FDRE=1 LUT6=1)

    Location             Delay type                Incr(ns)  Path(ns)    Netlist Resource(s)
  -------------------------------------------------------------------    -------------------
    SLICE_X45Y34         FDRE                         0.000     0.000 r  auto_seq_ctr_q_reg[5]/C
    SLICE_X45Y34         FDRE (Prop_fdre_C_Q)         0.141     0.141 r  auto_seq_ctr_q_reg[5]/Q
                         net (fo=6, routed)           0.114     0.255    auto_seq_ctr_q[5]
    SLICE_X46Y34         LUT6 (Prop_lut6_I3_O)        0.045     0.300 r  auto_seq_ctr_q[7]_i_1/O
                         net (fo=1, routed)           0.000     0.300    auto_seq_ctr_q[7]_i_1_n_0
    SLICE_X46Y34         FDRE                                         r  auto_seq_ctr_q_reg[7]/D
  -------------------------------------------------------------------    -------------------

Slack:                    inf
  Source:                 gen_cell_switch[8].cell_cond/sync/D_pipe_q_reg[0]/C
                            (rising edge-triggered cell FDRE)
  Destination:            gen_cell_switch[8].cell_cond/sync/D_pipe_q_reg[1]/D
  Path Group:             (none)
  Path Type:              Min at Fast Process Corner
  Data Path Delay:        0.311ns  (logic 0.141ns (45.298%)  route 0.170ns (54.702%))
  Logic Levels:           1  (FDRE=1)

    Location             Delay type                Incr(ns)  Path(ns)    Netlist Resource(s)
  -------------------------------------------------------------------    -------------------
    SLICE_X35Y34         FDRE                         0.000     0.000 r  gen_cell_switch[8].cell_cond/sync/D_pipe_q_reg[0]/C
    SLICE_X35Y34         FDRE (Prop_fdre_C_Q)         0.141     0.141 r  gen_cell_switch[8].cell_cond/sync/D_pipe_q_reg[0]/Q
                         net (fo=1, routed)           0.170     0.311    gen_cell_switch[8].cell_cond/sync/D_pipe_d__7[1]
    SLICE_X35Y34         FDRE                                         r  gen_cell_switch[8].cell_cond/sync/D_pipe_q_reg[1]/D
  -------------------------------------------------------------------    -------------------

Slack:                    inf
  Source:                 gen_cell_switch[2].cell_cond/sync/D_pipe_q_reg[0]/C
                            (rising edge-triggered cell FDRE)
  Destination:            gen_cell_switch[2].cell_cond/sync/D_pipe_q_reg[1]/D
  Path Group:             (none)
  Path Type:              Min at Fast Process Corner
  Data Path Delay:        0.315ns  (logic 0.141ns (44.783%)  route 0.174ns (55.217%))
  Logic Levels:           1  (FDRE=1)

    Location             Delay type                Incr(ns)  Path(ns)    Netlist Resource(s)
  -------------------------------------------------------------------    -------------------
    SLICE_X32Y30         FDRE                         0.000     0.000 r  gen_cell_switch[2].cell_cond/sync/D_pipe_q_reg[0]/C
    SLICE_X32Y30         FDRE (Prop_fdre_C_Q)         0.141     0.141 r  gen_cell_switch[2].cell_cond/sync/D_pipe_q_reg[0]/Q
                         net (fo=1, routed)           0.174     0.315    gen_cell_switch[2].cell_cond/sync/D_pipe_d__1[1]
    SLICE_X32Y30         FDRE                                         r  gen_cell_switch[2].cell_cond/sync/D_pipe_q_reg[1]/D
  -------------------------------------------------------------------    -------------------

Slack:                    inf
  Source:                 game/fsm/FSM_onehot_D_state_q_reg[0]/C
                            (rising edge-triggered cell FDSE)
  Destination:            game/fsm/D_turn_dff_q_reg/D
  Path Group:             (none)
  Path Type:              Min at Fast Process Corner
  Data Path Delay:        0.318ns  (logic 0.209ns (65.805%)  route 0.109ns (34.195%))
  Logic Levels:           2  (FDSE=1 LUT6=1)

    Location             Delay type                Incr(ns)  Path(ns)    Netlist Resource(s)
  -------------------------------------------------------------------    -------------------
    SLICE_X42Y28         FDSE                         0.000     0.000 r  game/fsm/FSM_onehot_D_state_q_reg[0]/C
    SLICE_X42Y28         FDSE (Prop_fdse_C_Q)         0.164     0.164 f  game/fsm/FSM_onehot_D_state_q_reg[0]/Q
                         net (fo=4, routed)           0.109     0.273    game/fsm/FSM_onehot_D_state_q_reg_n_0_[0]
    SLICE_X43Y28         LUT6 (Prop_lut6_I4_O)        0.045     0.318 r  game/fsm/D_turn_dff_q_i_1/O
                         net (fo=1, routed)           0.000     0.318    game/fsm/D_turn_dff_q_i_1_n_0
    SLICE_X43Y28         FDRE                                         r  game/fsm/D_turn_dff_q_reg/D
  -------------------------------------------------------------------    -------------------

Slack:                    inf
  Source:                 game/box8/FSM_sequential_D_state_q_reg[1]/C
                            (rising edge-triggered cell FDRE)
  Destination:            game/box8/FSM_sequential_D_state_q_reg[0]/D
  Path Group:             (none)
  Path Type:              Min at Fast Process Corner
  Data Path Delay:        0.330ns  (logic 0.186ns (56.394%)  route 0.144ns (43.606%))
  Logic Levels:           2  (FDRE=1 LUT6=1)

    Location             Delay type                Incr(ns)  Path(ns)    Netlist Resource(s)
  -------------------------------------------------------------------    -------------------
    SLICE_X48Y28         FDRE                         0.000     0.000 r  game/box8/FSM_sequential_D_state_q_reg[1]/C
    SLICE_X48Y28         FDRE (Prop_fdre_C_Q)         0.141     0.141 r  game/box8/FSM_sequential_D_state_q_reg[1]/Q
                         net (fo=7, routed)           0.144     0.285    game/fsm/D_state_q_3[1]
    SLICE_X48Y28         LUT6 (Prop_lut6_I3_O)        0.045     0.330 r  game/fsm/FSM_sequential_D_state_q[0]_i_1__7/O
                         net (fo=1, routed)           0.000     0.330    game/box8/FSM_sequential_D_state_q_reg[0]_1
    SLICE_X48Y28         FDRE                                         r  game/box8/FSM_sequential_D_state_q_reg[0]/D
  -------------------------------------------------------------------    -------------------

Slack:                    inf
  Source:                 board_display/bit_index_q_reg[3]/C
                            (rising edge-triggered cell FDRE)
  Destination:            board_display/bit_index_q_reg[3]/D
  Path Group:             (none)
  Path Type:              Min at Fast Process Corner
  Data Path Delay:        0.331ns  (logic 0.186ns (56.223%)  route 0.145ns (43.777%))
  Logic Levels:           2  (FDRE=1 LUT6=1)

    Location             Delay type                Incr(ns)  Path(ns)    Netlist Resource(s)
  -------------------------------------------------------------------    -------------------
    SLICE_X57Y39         FDRE                         0.000     0.000 r  board_display/bit_index_q_reg[3]/C
    SLICE_X57Y39         FDRE (Prop_fdre_C_Q)         0.141     0.141 r  board_display/bit_index_q_reg[3]/Q
                         net (fo=4, routed)           0.145     0.286    board_display/bit_index_q[3]
    SLICE_X57Y39         LUT6 (Prop_lut6_I5_O)        0.045     0.331 r  board_display/bit_index_q[3]_i_1/O
                         net (fo=1, routed)           0.000     0.331    board_display/bit_index_d[3]
    SLICE_X57Y39         FDRE                                         r  board_display/bit_index_q_reg[3]/D
  -------------------------------------------------------------------    -------------------

Slack:                    inf
  Source:                 auto_seq_edge/D_last_q_reg/C
                            (rising edge-triggered cell FDRE)
  Destination:            auto_seq_state_q_reg[0]/D
  Path Group:             (none)
  Path Type:              Min at Fast Process Corner
  Data Path Delay:        0.332ns  (logic 0.246ns (74.148%)  route 0.086ns (25.852%))
  Logic Levels:           2  (FDRE=1 LUT6=1)

    Location             Delay type                Incr(ns)  Path(ns)    Netlist Resource(s)
  -------------------------------------------------------------------    -------------------
    SLICE_X42Y35         FDRE                         0.000     0.000 r  auto_seq_edge/D_last_q_reg/C
    SLICE_X42Y35         FDRE (Prop_fdre_C_Q)         0.148     0.148 f  auto_seq_edge/D_last_q_reg/Q
                         net (fo=3, routed)           0.086     0.234    auto_seq_cond/D_last_q
    SLICE_X42Y35         LUT6 (Prop_lut6_I1_O)        0.098     0.332 r  auto_seq_cond/auto_seq_state_q[0]_i_1/O
                         net (fo=1, routed)           0.000     0.332    auto_seq_cond_n_5
    SLICE_X42Y35         FDRE                                         r  auto_seq_state_q_reg[0]/D
  -------------------------------------------------------------------    -------------------

Slack:                    inf
  Source:                 board_display/bit_index_q_reg[3]/C
                            (rising edge-triggered cell FDRE)
  Destination:            board_display/bit_index_q_reg[4]/D
  Path Group:             (none)
  Path Type:              Min at Fast Process Corner
  Data Path Delay:        0.332ns  (logic 0.186ns (56.054%)  route 0.146ns (43.946%))
  Logic Levels:           2  (FDRE=1 LUT6=1)

    Location             Delay type                Incr(ns)  Path(ns)    Netlist Resource(s)
  -------------------------------------------------------------------    -------------------
    SLICE_X57Y39         FDRE                         0.000     0.000 r  board_display/bit_index_q_reg[3]/C
    SLICE_X57Y39         FDRE (Prop_fdre_C_Q)         0.141     0.141 r  board_display/bit_index_q_reg[3]/Q
                         net (fo=4, routed)           0.146     0.287    board_display/bit_index_q[3]
    SLICE_X57Y39         LUT6 (Prop_lut6_I3_O)        0.045     0.332 r  board_display/bit_index_q[4]_i_2/O
                         net (fo=1, routed)           0.000     0.332    board_display/bit_index_q[4]_i_2_n_0
    SLICE_X57Y39         FDRE                                         r  board_display/bit_index_q_reg[4]/D
  -------------------------------------------------------------------    -------------------





--------------------------------------------------------------------------------------
Path Group:  (none)
From Clock:  
  To Clock:  clk_100

Max Delay             4 Endpoints
Min Delay             4 Endpoints
--------------------------------------------------------------------------------------


Max Delay Paths
--------------------------------------------------------------------------------------
Slack:                    inf
  Source:                 rst_n
                            (input port)
  Destination:            clk_10m_q_reg/CLR
                            (recovery check against rising-edge clock clk_100  {rise@0.000ns fall@5.000ns period=10.000ns})
  Path Group:             (none)
  Path Type:              Recovery (Max at Slow Process Corner)
  Data Path Delay:        5.248ns  (logic 1.634ns (31.134%)  route 3.614ns (68.866%))
  Logic Levels:           2  (IBUF=1 LUT1=1)
  Clock Path Skew:        4.848ns (DCD - SCD + CPR)
    Destination Clock Delay (DCD):    4.848ns
    Source Clock Delay      (SCD):    0.000ns
    Clock Pessimism Removal (CPR):    0.000ns
  Clock Uncertainty:      0.025ns  ((TSJ^2 + TIJ^2)^1/2 + DJ) / 2 + PE
    Total System Jitter     (TSJ):    0.050ns
    Total Input Jitter      (TIJ):    0.000ns
    Discrete Jitter          (DJ):    0.000ns
    Phase Error              (PE):    0.000ns
  Timing Exception:       Asynchronous Clock Groups

    Location             Delay type                Incr(ns)  Path(ns)    Netlist Resource(s)
  -------------------------------------------------------------------    -------------------
    P6                                                0.000     0.000 r  rst_n (IN)
                         net (fo=0)                   0.000     0.000    rst_n
    P6                   IBUF (Prop_ibuf_I_O)         1.510     1.510 r  rst_n_IBUF_inst/O
                         net (fo=1, routed)           3.020     4.530    reset_slow_cond/rst_n_IBUF
    SLICE_X32Y39         LUT1 (Prop_lut1_I0_O)        0.124     4.654 f  reset_slow_cond/clk_div_q[2]_i_2/O
                         net (fo=8, routed)           0.594     5.248    reset_slow_cond_n_0
    SLICE_X32Y39         FDCE                                         f  clk_10m_q_reg/CLR
  -------------------------------------------------------------------    -------------------

                         (clock clk_100 rise edge)    0.000     0.000 r  
    N14                                               0.000     0.000 r  clk (IN)
                         net (fo=0)                   0.000     0.000    clk
    N14                  IBUF (Prop_ibuf_I_O)         1.446     1.446 r  clk_IBUF_inst/O
                         net (fo=1, routed)           1.868     3.314    clk_IBUF
    BUFGCTRL_X0Y1        BUFG (Prop_bufg_I_O)         0.091     3.405 r  clk_IBUF_BUFG_inst/O
                         net (fo=4, routed)           1.443     4.848    clk_IBUF_BUFG
    SLICE_X32Y39         FDCE                                         r  clk_10m_q_reg/C

Slack:                    inf
  Source:                 rst_n
                            (input port)
  Destination:            clk_div_q_reg[0]/CLR
                            (recovery check against rising-edge clock clk_100  {rise@0.000ns fall@5.000ns period=10.000ns})
  Path Group:             (none)
  Path Type:              Recovery (Max at Slow Process Corner)
  Data Path Delay:        5.248ns  (logic 1.634ns (31.134%)  route 3.614ns (68.866%))
  Logic Levels:           2  (IBUF=1 LUT1=1)
  Clock Path Skew:        4.848ns (DCD - SCD + CPR)
    Destination Clock Delay (DCD):    4.848ns
    Source Clock Delay      (SCD):    0.000ns
    Clock Pessimism Removal (CPR):    0.000ns
  Clock Uncertainty:      0.025ns  ((TSJ^2 + TIJ^2)^1/2 + DJ) / 2 + PE
    Total System Jitter     (TSJ):    0.050ns
    Total Input Jitter      (TIJ):    0.000ns
    Discrete Jitter          (DJ):    0.000ns
    Phase Error              (PE):    0.000ns
  Timing Exception:       Asynchronous Clock Groups

    Location             Delay type                Incr(ns)  Path(ns)    Netlist Resource(s)
  -------------------------------------------------------------------    -------------------
    P6                                                0.000     0.000 r  rst_n (IN)
                         net (fo=0)                   0.000     0.000    rst_n
    P6                   IBUF (Prop_ibuf_I_O)         1.510     1.510 r  rst_n_IBUF_inst/O
                         net (fo=1, routed)           3.020     4.530    reset_slow_cond/rst_n_IBUF
    SLICE_X32Y39         LUT1 (Prop_lut1_I0_O)        0.124     4.654 f  reset_slow_cond/clk_div_q[2]_i_2/O
                         net (fo=8, routed)           0.594     5.248    reset_slow_cond_n_0
    SLICE_X32Y39         FDCE                                         f  clk_div_q_reg[0]/CLR
  -------------------------------------------------------------------    -------------------

                         (clock clk_100 rise edge)    0.000     0.000 r  
    N14                                               0.000     0.000 r  clk (IN)
                         net (fo=0)                   0.000     0.000    clk
    N14                  IBUF (Prop_ibuf_I_O)         1.446     1.446 r  clk_IBUF_inst/O
                         net (fo=1, routed)           1.868     3.314    clk_IBUF
    BUFGCTRL_X0Y1        BUFG (Prop_bufg_I_O)         0.091     3.405 r  clk_IBUF_BUFG_inst/O
                         net (fo=4, routed)           1.443     4.848    clk_IBUF_BUFG
    SLICE_X32Y39         FDCE                                         r  clk_div_q_reg[0]/C

Slack:                    inf
  Source:                 rst_n
                            (input port)
  Destination:            clk_div_q_reg[1]/CLR
                            (recovery check against rising-edge clock clk_100  {rise@0.000ns fall@5.000ns period=10.000ns})
  Path Group:             (none)
  Path Type:              Recovery (Max at Slow Process Corner)
  Data Path Delay:        5.248ns  (logic 1.634ns (31.134%)  route 3.614ns (68.866%))
  Logic Levels:           2  (IBUF=1 LUT1=1)
  Clock Path Skew:        4.848ns (DCD - SCD + CPR)
    Destination Clock Delay (DCD):    4.848ns
    Source Clock Delay      (SCD):    0.000ns
    Clock Pessimism Removal (CPR):    0.000ns
  Clock Uncertainty:      0.025ns  ((TSJ^2 + TIJ^2)^1/2 + DJ) / 2 + PE
    Total System Jitter     (TSJ):    0.050ns
    Total Input Jitter      (TIJ):    0.000ns
    Discrete Jitter          (DJ):    0.000ns
    Phase Error              (PE):    0.000ns
  Timing Exception:       Asynchronous Clock Groups

    Location             Delay type                Incr(ns)  Path(ns)    Netlist Resource(s)
  -------------------------------------------------------------------    -------------------
    P6                                                0.000     0.000 r  rst_n (IN)
                         net (fo=0)                   0.000     0.000    rst_n
    P6                   IBUF (Prop_ibuf_I_O)         1.510     1.510 r  rst_n_IBUF_inst/O
                         net (fo=1, routed)           3.020     4.530    reset_slow_cond/rst_n_IBUF
    SLICE_X32Y39         LUT1 (Prop_lut1_I0_O)        0.124     4.654 f  reset_slow_cond/clk_div_q[2]_i_2/O
                         net (fo=8, routed)           0.594     5.248    reset_slow_cond_n_0
    SLICE_X32Y39         FDCE                                         f  clk_div_q_reg[1]/CLR
  -------------------------------------------------------------------    -------------------

                         (clock clk_100 rise edge)    0.000     0.000 r  
    N14                                               0.000     0.000 r  clk (IN)
                         net (fo=0)                   0.000     0.000    clk
    N14                  IBUF (Prop_ibuf_I_O)         1.446     1.446 r  clk_IBUF_inst/O
                         net (fo=1, routed)           1.868     3.314    clk_IBUF
    BUFGCTRL_X0Y1        BUFG (Prop_bufg_I_O)         0.091     3.405 r  clk_IBUF_BUFG_inst/O
                         net (fo=4, routed)           1.443     4.848    clk_IBUF_BUFG
    SLICE_X32Y39         FDCE                                         r  clk_div_q_reg[1]/C

Slack:                    inf
  Source:                 rst_n
                            (input port)
  Destination:            clk_div_q_reg[2]/CLR
                            (recovery check against rising-edge clock clk_100  {rise@0.000ns fall@5.000ns period=10.000ns})
  Path Group:             (none)
  Path Type:              Recovery (Max at Slow Process Corner)
  Data Path Delay:        5.248ns  (logic 1.634ns (31.134%)  route 3.614ns (68.866%))
  Logic Levels:           2  (IBUF=1 LUT1=1)
  Clock Path Skew:        4.848ns (DCD - SCD + CPR)
    Destination Clock Delay (DCD):    4.848ns
    Source Clock Delay      (SCD):    0.000ns
    Clock Pessimism Removal (CPR):    0.000ns
  Clock Uncertainty:      0.025ns  ((TSJ^2 + TIJ^2)^1/2 + DJ) / 2 + PE
    Total System Jitter     (TSJ):    0.050ns
    Total Input Jitter      (TIJ):    0.000ns
    Discrete Jitter          (DJ):    0.000ns
    Phase Error              (PE):    0.000ns
  Timing Exception:       Asynchronous Clock Groups

    Location             Delay type                Incr(ns)  Path(ns)    Netlist Resource(s)
  -------------------------------------------------------------------    -------------------
    P6                                                0.000     0.000 r  rst_n (IN)
                         net (fo=0)                   0.000     0.000    rst_n
    P6                   IBUF (Prop_ibuf_I_O)         1.510     1.510 r  rst_n_IBUF_inst/O
                         net (fo=1, routed)           3.020     4.530    reset_slow_cond/rst_n_IBUF
    SLICE_X32Y39         LUT1 (Prop_lut1_I0_O)        0.124     4.654 f  reset_slow_cond/clk_div_q[2]_i_2/O
                         net (fo=8, routed)           0.594     5.248    reset_slow_cond_n_0
    SLICE_X32Y39         FDCE                                         f  clk_div_q_reg[2]/CLR
  -------------------------------------------------------------------    -------------------

                         (clock clk_100 rise edge)    0.000     0.000 r  
    N14                                               0.000     0.000 r  clk (IN)
                         net (fo=0)                   0.000     0.000    clk
    N14                  IBUF (Prop_ibuf_I_O)         1.446     1.446 r  clk_IBUF_inst/O
                         net (fo=1, routed)           1.868     3.314    clk_IBUF
    BUFGCTRL_X0Y1        BUFG (Prop_bufg_I_O)         0.091     3.405 r  clk_IBUF_BUFG_inst/O
                         net (fo=4, routed)           1.443     4.848    clk_IBUF_BUFG
    SLICE_X32Y39         FDCE                                         r  clk_div_q_reg[2]/C





Min Delay Paths
--------------------------------------------------------------------------------------
Slack:                    inf
  Source:                 rst_n
                            (input port)
  Destination:            clk_10m_q_reg/CLR
                            (removal check against rising-edge clock clk_100  {rise@0.000ns fall@5.000ns period=10.000ns})
  Path Group:             (none)
  Path Type:              Removal (Min at Fast Process Corner)
  Data Path Delay:        1.896ns  (logic 0.322ns (17.001%)  route 1.574ns (82.999%))
  Logic Levels:           2  (IBUF=1 LUT1=1)
  Clock Path Skew:        2.020ns (DCD - SCD - CPR)
    Destination Clock Delay (DCD):    2.020ns
    Source Clock Delay      (SCD):    0.000ns
    Clock Pessimism Removal (CPR):    -0.000ns
  Timing Exception:       Asynchronous Clock Groups

    Location             Delay type                Incr(ns)  Path(ns)    Netlist Resource(s)
  -------------------------------------------------------------------    -------------------
    P6                                                0.000     0.000 r  rst_n (IN)
                         net (fo=0)                   0.000     0.000    rst_n
    P6                   IBUF (Prop_ibuf_I_O)         0.277     0.277 r  rst_n_IBUF_inst/O
                         net (fo=1, routed)           1.377     1.655    reset_slow_cond/rst_n_IBUF
    SLICE_X32Y39         LUT1 (Prop_lut1_I0_O)        0.045     1.700 f  reset_slow_cond/clk_div_q[2]_i_2/O
                         net (fo=8, routed)           0.197     1.896    reset_slow_cond_n_0
    SLICE_X32Y39         FDCE                                         f  clk_10m_q_reg/CLR
  -------------------------------------------------------------------    -------------------

                         (clock clk_100 rise edge)    0.000     0.000 r  
    N14                                               0.000     0.000 r  clk (IN)
                         net (fo=0)                   0.000     0.000    clk
    N14                  IBUF (Prop_ibuf_I_O)         0.472     0.472 r  clk_IBUF_inst/O
                         net (fo=1, routed)           0.689     1.161    clk_IBUF
    BUFGCTRL_X0Y1        BUFG (Prop_bufg_I_O)         0.029     1.190 r  clk_IBUF_BUFG_inst/O
                         net (fo=4, routed)           0.830     2.020    clk_IBUF_BUFG
    SLICE_X32Y39         FDCE                                         r  clk_10m_q_reg/C

Slack:                    inf
  Source:                 rst_n
                            (input port)
  Destination:            clk_div_q_reg[0]/CLR
                            (removal check against rising-edge clock clk_100  {rise@0.000ns fall@5.000ns period=10.000ns})
  Path Group:             (none)
  Path Type:              Removal (Min at Fast Process Corner)
  Data Path Delay:        1.896ns  (logic 0.322ns (17.001%)  route 1.574ns (82.999%))
  Logic Levels:           2  (IBUF=1 LUT1=1)
  Clock Path Skew:        2.020ns (DCD - SCD - CPR)
    Destination Clock Delay (DCD):    2.020ns
    Source Clock Delay      (SCD):    0.000ns
    Clock Pessimism Removal (CPR):    -0.000ns
  Timing Exception:       Asynchronous Clock Groups

    Location             Delay type                Incr(ns)  Path(ns)    Netlist Resource(s)
  -------------------------------------------------------------------    -------------------
    P6                                                0.000     0.000 r  rst_n (IN)
                         net (fo=0)                   0.000     0.000    rst_n
    P6                   IBUF (Prop_ibuf_I_O)         0.277     0.277 r  rst_n_IBUF_inst/O
                         net (fo=1, routed)           1.377     1.655    reset_slow_cond/rst_n_IBUF
    SLICE_X32Y39         LUT1 (Prop_lut1_I0_O)        0.045     1.700 f  reset_slow_cond/clk_div_q[2]_i_2/O
                         net (fo=8, routed)           0.197     1.896    reset_slow_cond_n_0
    SLICE_X32Y39         FDCE                                         f  clk_div_q_reg[0]/CLR
  -------------------------------------------------------------------    -------------------

                         (clock clk_100 rise edge)    0.000     0.000 r  
    N14                                               0.000     0.000 r  clk (IN)
                         net (fo=0)                   0.000     0.000    clk
    N14                  IBUF (Prop_ibuf_I_O)         0.472     0.472 r  clk_IBUF_inst/O
                         net (fo=1, routed)           0.689     1.161    clk_IBUF
    BUFGCTRL_X0Y1        BUFG (Prop_bufg_I_O)         0.029     1.190 r  clk_IBUF_BUFG_inst/O
                         net (fo=4, routed)           0.830     2.020    clk_IBUF_BUFG
    SLICE_X32Y39         FDCE                                         r  clk_div_q_reg[0]/C

Slack:                    inf
  Source:                 rst_n
                            (input port)
  Destination:            clk_div_q_reg[1]/CLR
                            (removal check against rising-edge clock clk_100  {rise@0.000ns fall@5.000ns period=10.000ns})
  Path Group:             (none)
  Path Type:              Removal (Min at Fast Process Corner)
  Data Path Delay:        1.896ns  (logic 0.322ns (17.001%)  route 1.574ns (82.999%))
  Logic Levels:           2  (IBUF=1 LUT1=1)
  Clock Path Skew:        2.020ns (DCD - SCD - CPR)
    Destination Clock Delay (DCD):    2.020ns
    Source Clock Delay      (SCD):    0.000ns
    Clock Pessimism Removal (CPR):    -0.000ns
  Timing Exception:       Asynchronous Clock Groups

    Location             Delay type                Incr(ns)  Path(ns)    Netlist Resource(s)
  -------------------------------------------------------------------    -------------------
    P6                                                0.000     0.000 r  rst_n (IN)
                         net (fo=0)                   0.000     0.000    rst_n
    P6                   IBUF (Prop_ibuf_I_O)         0.277     0.277 r  rst_n_IBUF_inst/O
                         net (fo=1, routed)           1.377     1.655    reset_slow_cond/rst_n_IBUF
    SLICE_X32Y39         LUT1 (Prop_lut1_I0_O)        0.045     1.700 f  reset_slow_cond/clk_div_q[2]_i_2/O
                         net (fo=8, routed)           0.197     1.896    reset_slow_cond_n_0
    SLICE_X32Y39         FDCE                                         f  clk_div_q_reg[1]/CLR
  -------------------------------------------------------------------    -------------------

                         (clock clk_100 rise edge)    0.000     0.000 r  
    N14                                               0.000     0.000 r  clk (IN)
                         net (fo=0)                   0.000     0.000    clk
    N14                  IBUF (Prop_ibuf_I_O)         0.472     0.472 r  clk_IBUF_inst/O
                         net (fo=1, routed)           0.689     1.161    clk_IBUF
    BUFGCTRL_X0Y1        BUFG (Prop_bufg_I_O)         0.029     1.190 r  clk_IBUF_BUFG_inst/O
                         net (fo=4, routed)           0.830     2.020    clk_IBUF_BUFG
    SLICE_X32Y39         FDCE                                         r  clk_div_q_reg[1]/C

Slack:                    inf
  Source:                 rst_n
                            (input port)
  Destination:            clk_div_q_reg[2]/CLR
                            (removal check against rising-edge clock clk_100  {rise@0.000ns fall@5.000ns period=10.000ns})
  Path Group:             (none)
  Path Type:              Removal (Min at Fast Process Corner)
  Data Path Delay:        1.896ns  (logic 0.322ns (17.001%)  route 1.574ns (82.999%))
  Logic Levels:           2  (IBUF=1 LUT1=1)
  Clock Path Skew:        2.020ns (DCD - SCD - CPR)
    Destination Clock Delay (DCD):    2.020ns
    Source Clock Delay      (SCD):    0.000ns
    Clock Pessimism Removal (CPR):    -0.000ns
  Timing Exception:       Asynchronous Clock Groups

    Location             Delay type                Incr(ns)  Path(ns)    Netlist Resource(s)
  -------------------------------------------------------------------    -------------------
    P6                                                0.000     0.000 r  rst_n (IN)
                         net (fo=0)                   0.000     0.000    rst_n
    P6                   IBUF (Prop_ibuf_I_O)         0.277     0.277 r  rst_n_IBUF_inst/O
                         net (fo=1, routed)           1.377     1.655    reset_slow_cond/rst_n_IBUF
    SLICE_X32Y39         LUT1 (Prop_lut1_I0_O)        0.045     1.700 f  reset_slow_cond/clk_div_q[2]_i_2/O
                         net (fo=8, routed)           0.197     1.896    reset_slow_cond_n_0
    SLICE_X32Y39         FDCE                                         f  clk_div_q_reg[2]/CLR
  -------------------------------------------------------------------    -------------------

                         (clock clk_100 rise edge)    0.000     0.000 r  
    N14                                               0.000     0.000 r  clk (IN)
                         net (fo=0)                   0.000     0.000    clk
    N14                  IBUF (Prop_ibuf_I_O)         0.472     0.472 r  clk_IBUF_inst/O
                         net (fo=1, routed)           0.689     1.161    clk_IBUF
    BUFGCTRL_X0Y1        BUFG (Prop_bufg_I_O)         0.029     1.190 r  clk_IBUF_BUFG_inst/O
                         net (fo=4, routed)           0.830     2.020    clk_IBUF_BUFG
    SLICE_X32Y39         FDCE                                         r  clk_div_q_reg[2]/C





